text,stars
DM BOŚ obniżył wycenę akcji  do 231 zł,-1
 zaprezentuje 30 marca nową strategię,1
Selvita Giełdową Spółką Roku.  zdetronizowany,-1
Giełdowa mizeria  trwa. Notowania blisko rocznych minimów,-1
" przesuwa daty publikacji raportów finansowych,  powodem niedawny atak hakerski",-1
Ipopema Securities obniża wartość godziwą akcji ,-1
" opóźnia wydanie patcha 1.2 do ""Cyberpunka 2077""",-1
Hossa producentów gier wyhamowała,-1
Wyciekł skradziony kod do gry . Na tym jednak może się nie skończyć,-1
Kiciński: Atak hakerów na  wpłynie w krótkim terminie na tempo prac nad grami,-1
" padł ofiarą cyberataku, skradziono kody do ""Cyberpunka 2077"" i ""Wiedźmina. Kurs w dół",-1
 nadal liderem. Allegro i Mercator na podium [Ranking spółek],1
 otrzymał zawiadomienie o kolejnym pozwie zbiorowym w USA,-1
Elon Musk nie przestaje chwalić „Cyberpunka 2077”,1
"Orange, spadki cen akcji tych spółek obstawiają fundusze",-1
"Poprawki do ""Cyberpunka 2077"". "" raczej nie poradzi sobie z ograniczeniami technicznymi starszych konsol""",-1
"Mieszane oceny pierwszego patcha do ""Cyberpunk 2077""",-1
" wydał pierwszy duży zestaw poprawek do ""Cyberpunk 2077""",1
Trigon DM:  jest wart więcej niż wynosi obecna wycena  ale mimo to kurs może jeszcze spaść,-1
 inwestuje w obligacje,1
"DM BDM podnosi rekomendację  do ""kupuj""",1
 i katastrofalne wdrożenie „Cyberpunka 2077”,-1
 otrzymał zawiadomienie o drugim pozwie zbiorowym w USA,-1
Morgan Stanley ma ponownie powyżej 5 proc. głosów na WZ ,-1
"Pierwsza aktualizacja do ""Cyberpunka 2077"" pojawi się w ciągu 10 dni",1
Morgan Stanley ma poniżej 5 proc. akcji ,1
" podtrzymuje wydanie patchy do ""Cyberpunk 2077"" w styczniu i lutym",1
Cyberpunk 2077: gracze składają skargi na  do UOKiK,-1
Piąta kancelaria z USA złożyła pozew zbiorowy przeciwko owi,-1
Morgan Stanley ma powyżej 5 proc. praw głosu ,-1
Mimo wzrostu kursów w 2020 r. branża gier nadal atrakcyjna [Analiza],1
"BM mBanku obniża rekomendację  do ""redukuj"", a cenę docelową do 232 zł",-1
 zapowiada aktywną obronę przed wszelkimi roszczeniami sądowymi,1
Dwie amerykańskie kancelarie prawne składają pozwy zbiorowe przeciwko ,-1
"Noble Securities podtrzymuje rekomendację ''kupuj"" dla ",1
" zwróci koszty zakupu ""Cyberpunka""",-1
" deklaruje zwrot kosztów zakupu ""Cyberpunka"" każdemu, kto zgłosi się do 21 grudnia",-1
"xBox deklaruje pełny zwrot kosztów zakupu każdemu nabywcy ""Cyberpunk 2077"" ze sklepu Microsoft Store",-1
Akcje  znów mocno w dół. Sony wstrzymuje sprzedaż „Cyberpunka 2077” w PlayStation Store,-1
"Analitycy obniżają prognozy sprzedaży ""Cyberpunk 2077"" o około 20 proc.",-1
"Uspokojenie na CD Projekcie. ""Cyberpunka"" dwie twarze",1
 na deskach. Inwestorzy przerazili się ocenami graczy. Spółka przeprasza,-1
" oferuje zwroty kosztów za ""Cyberpunka 2077"" dla graczy konsolowych, pierwszy patch w styczniu",-1
"Gracze konsolowi negatywnie oceniają ""Cyberpunk 2077""",-1
" znów mocno w dół. Inwestorów i graczy martwią błędy ""Cyberpunka 2077""",-1
"Wojciechowski:  może sprzedać 20-25 mln kopii ""Cyberpunk 2077"" w rok od premiery",1
"Należności z przedsprzedaży ""Cyberpunka 2077"" przewyższyły nakłady związane z jej produkcją i promocją",1
" to ""bańka""? Czytelnicy raczej pesymistyczni",-1
"Premiera ""Cyberpunka 2077"" za nami.  są też negatywne oceny",-1
"Ponad 900 tys. osób ogląda transmisje ""Cyberpunk 2077"" na Twitch",1
"Jefferies obniżył rekomendację  do ""poniżej rynku""",-1
"Szalona sesja . Maksima... a potem ""błyskawiczny krach""",-1
"Po premierze ""Wiedźmina 3"" hossa na CD Projekcie wyhamowała",-1
PKO BP odzyskuje koronę w WIG20. Nowa fala wyhamowała,-1
Cyberpunk 2077 wyciekł z magazynów Amazona,-1
"DM BOŚ podwyższył cenę docelową  do 448 zł, podtrzymuje ""kupuj""",1
" przesuwa datę premiery gry ""Cyberpunk 2077""",-1
" wprowadza sześciodniowy tydzień pracy. ""Cyberpunk 2077"" coraz bliżej",-1
Zysk netto  w II kw. niższy od oczekiwań,-1
 rozpoczyna skup akcji własnych,1
Biomed wyprzedza . Duże zmiany w rankingu spółek,-1
Zarząd  rekomenduje niewypłacanie dywidendy,-1
" nie zakłada dalszych opóźnień w premierze gry ""Cyberpunk 2077""",-1
"Nie wszyscy analitycy wierzą w ""Cyberpunka 2077"" we wrześniu",-1
 zmienia plany przez zamieszki w USA,-1
Czytelnicy Bankier.pl:  przewartościowany,-1
"Pandemia może obniżyć sprzedaż ""Cyberpunk 2077"" o ok. 10 proc.",-1
 bańką czy okazją? Kto ma rację?,-1
"DM BDM rekomenduje ""redukuj"" ; cena docelowa 332 zł/akcję",-1
CDP z wnioskiem o upadłość,-1
"Wypłata dywidendy przed premierą ""CP2077"" niezgodna z filozofią działania ",-1
"Zespół  pracuje zdalnie. Co z ""Cyberpunkiem 2077""?",-1
Polscy miliarderzy tracą na koronawirusie,-1
Święto gier przegra z koronawirusem? Targi E3 mają zostać odwołane,-1
" podał przychody ze sprzedaży ""Wiedźmina 3"" na Steamie",-1
 jest już większy niż ,-1
Nie tylko . Powstanie więcej polskich cyberpunków,-1
"Opóźnienie ""CP 2077"" nie wpłynie istotnie na sprzedaż gry, ale oddala kolejne premiery ",-1
"Premiera ""Cyberpunka 2077"" przesunięta na 17 września",-1
"Premiera trybu multiplayer dla ""Cyberpunka 2077"" w '21 mało prawdopodobna - Nowakowski,  (opis)",-1
"Premiera trybu multiplayer dla ""Cyberpunka 2077"" w '21 mało prawdopodobna - Nowakowski, ",-1
" przesuwa datę premiery gry ""Cyberpunk 2077"" na 17 września 2020 roku (opis)",-1
" przesuwa datę premiery gry ""Cyberpunk 2077"" na 17 września 2020 roku",-1
"Ipopema rekomenduje ""sprzedaj""  ",-1
"obniżył rekomendację  do ""trzymaj""",-1
Trump punktuje przemoc w grach. Gaming w dół,-1
Cyberpunk 2077 w Rosji tańszy o 40 proc.,-1
 Wypłaci 1 05 zł dywidendy na akcję z zysku za '18,1
Mocne spadki producentów gier,-1
Zarząd  proponuje dywidendę,1
 przesuwa publikację raportu,-1
Giganci świata gier rozczarowują wynikami,-1
Sąd Apelacyjny oddalił powództwo  w sprawie przeciwko Skarbowi Państwa,-1
 zarobił dużo mniej niż przed rokiem,-1
"Sprzedaż ""Wojny Krwi"" niższa od założeń ",-1
Zysk netto  w III kw. Wyniósł 15 5 mln zł  poniżej oczekiwań,-1
"Lekki poślizg ""Thronebreakera"". Mocne spadki ",-1
Członek zarządu  sprzedał akcje,-1
" ma umowę z Bandai Namco na dystrybucję ""Cyberpunka 2077"" w Europie",1
Trwają gwałtowne spadki . Wycena poniżej 15 mld zł,-1
Sapkowski żąda 60 mln zł od ,-1
Andrzej Sapkowski domaga się od  zapłaty co najmniej 60 mln zł,-1
Andrzej Sapkowski domaga się od  zapłaty co najmniej 60 mln zł (opis),-1
"Vestor DM obniżył rekomendację dla  do ""neutralnie"" z ""akumuluj"", cena docelowa 228 zł",-1
Rząd planuje wprowadzenie ulgi podatkowej dla producentów gier kulturowych,1
Przewodnicząca RN  sprzedała akcje,-1
"„Wiedźmin 3"" zakazany w Arabii Saudyjskiej",-1
 spodziewa się wyższych rdr nakładów na rozwój gier w ‘18,-1
 oficjalnie w WIG20. Zastąpi Asseco Poland,1
 wśród blue chipów. Niebawem historyczna zmiana w WIG20,1
Wartość  spadła o 3 4 mld zł w niecały miesiąc,-1
Akcje  najtańsze od września,-1
Wyniki  słabsze od oczekiwań,-1
Zysk netto  w III kw. sięgnął 357 mln zł i był niższy od oczekiwań,-1
 i wielkie poszukiwanie pracowników,-1
" odpowiada na zarzuty. ""Chciwość zostawiamy innym""",-1
Kolejny dzień gwałtownych spadków ,-1
"Akcje  tracą po doniesieniach o ""Cyberpunku""",-1
Czy to koniec euforii wśród producentów gier?,-1
"DM BZ WBK obniżył rekomendację  do ""trzymaj""",-1
 otrzymał żądania okupu za wykradzione pliki z pomysłami na Cyberpunk 2077,-1
 padł ofiarą hakerów,-1
"Wiemy, ile  zapłacił Sapkowskiemu za ""Wiedźmina""",-1
 na zaawansowanym etapie certyfikacji Gwinta na rynek chiński,1
 Wypłaci 1 05 zł dywidendy na akcję z zysku za '16,1
Zarząd  rekomenduje wypłatę 1 05 zł dywidendy na akcję z zysku za '16,1
 nie wyklucza dywidendy za ’16  ale żadna decyzja nie zapadła,1
Skup akcji w CD Projekcie przegłosowany. Wrogie przejęcia zmartwieniem na grudzień,-1
"DM BOŚ obniża rekomendację dla  do ""trzymaj""",-1
DM BOŚ obniża rekomendację dla ,-1
"DM mBanku obniżył rekomendację dla  do ""sprzedaj""",-1
"Wood & Company obniżył rekomendację dla CDProjekt do ""trzymaj""",-1
 chce przeznaczyć do 250 mln zł na skup akcji własnych (opis),1
 chce przeznaczyć do 250 mln zł na skup akcji własnych,1
 nie spełnił oczekiwań. Akcje w dół,-1
Mocne otwarcie na europejskich giełdach. WIG także w górę,1
 chce w ciągu kilku tygodni zgłosić do UOKiK transakcję przejęcia PGNiG,1
UOKiK przejmie kontrolę koncentracji -PGNiG od Komisji Europejskiej,1
 wyemitował obligacje o łącznej wartości nominalnej 1 mld zł,1
„Dobra zmiana” nie przestaje zmieniać prezesów spółek Skarbu Państwa,1
Rząd podejmie uchwałę uznającą Port Gdynia za terminal instalacyjny koszt budowy ok. 437 mln euro,1
Pepees sprzeda owi udziały w CHP Energia,1
Kolejna stacja paliw pod marką  w Niemczech ruszyła w Hamburgu,1
Wąsik: CBA rozpoczęło czynności sprawdzające zarzuty stawiane prezesowi ,-1
 ma kontrakt z Rosneftem na dostawy ropy,1
Stacje ładowania aut elektrycznych Energi dołączą do sieci  Charge,1
Wracają sowite dywidendy. W tych spółkach można liczyć na spory skok wypłat,1
Świetny marzec dla akcji u. Hossa na przekór okolicznościom,1
 ma długoterminowy kontrakt z Exxon Mobil,1
 i Lotos najdroższe od połowy '20  inwestorzy liczą na poprawę marż,1
Prezes : Budujemy stabilny koncern multienergetyczny,1
Prezydent o Obajtku: Wydaje się  który będzie rozwijał polską gospodarkę  że jest dobrym prezesem,1
 podpisał porozumienie ze związkami w sprawie wzrostu wynagrodzeń,1
Kłopoty Obajtka. Rzecznik rządu: Nie ma planów dymisji prezesa ,1
Obajtek i Tusk spierają się o . Wojna PiS-PO kontra giełdowa rzetelność,-1
Marża downstream  wzrosła w lutym do 65 USD na baryłce,1
Obajtek:  miał tylko 29 mld zł zysku podczas 8 lat rządów PO-PSL,-1
Elektrobudowa ma otrzymać od  146 mln zł i 138 mln euro zasądzone w arbitrażu,-1
 kupił udziały w Nowotna Farma Wiatrowa z farmami o mocy 894 MW za 380 mln zł,1
 jest zainteresowany inwestycjami offshore w litewskiej części Bałtyku,1
 oczekuje propozycji rządu litewskiego ws. rozbudowy rafinerii w Możejkach w ciągu miesiąca,1
 ogłosi w czerwcu partnera przy transakcji przejęcia Lotosu,1
Obajtek:  otworzył pierwszy sklep Stop Cafe w Pradze,1
Cena maksymalna za energię z offshore 3015 zł/MWh,-1
 przejął farmę wiatrową Kanin o mocy 20 MW,1
 Pay nie działa z niektórymi kartami. Jest na to sposób,-1
 w Ruchu. Spółka rusza z nową marką,1
 w Ruchu. Spółka rusza z nową marką,1
Obajtek:  chce sfinalizować zakup Polska Press do końca lutego,1
 przyjrzy się ofercie sprzedaży stacji paliw w Słowenii,1
Obajtek:  wybrał krótką listę partnerów przy transakcji przejęcia Lotosu,1
UOKiK zgodził się na przejęcie spółki Polska Press przez ,1
Wiceprezes u: Ceny paliw na stacjach są jednymi z najniższych w Europie,-1
Wiceprezes : Przejęcie PGNiG możliwe jeszcze w 2021 r.,1
 planuje zainwestować 95 mld zł,1
 z zyskiem na poziomie 34 mld zł w 2020 r.,1
 na koniec 2020 r. miał 1811 stacji paliw,1
Obajtek:  szacuje koszty Baltic Power na kilkanaście miliardów złotych,-1
Marża downstream  wzrosła w styczniu do 59 USD na baryłce,1
Obajtek: Szacujemy koszty Baltic Power na kilkanaście mld zł,-1
 ma umowę z NP Baltic Wind ws. współpracy przy projekcie offshore,1
"Orange,  spadki cen akcji tych spółek obstawiają fundusze",1
"DM BOŚ podnosi cenę docelową  do 75 zł, podtrzymuje ""kupuj""",1
Obajtek: Zakup mediów ma wesprzeć detal,1
Energa planuje budowę farmy fotowoltaicznej PV Mitra o mocy ok. 100 MW,1
Grupa  uruchomiła kopalnię gazu na Podkarpaciu,1
Branża paliwowa w obliczu niskich marż [Analiza],-1
 podpisał z PSE umowę o przyłączenie do sieci morskiej farmy wiatrowej na Bałtyku,1
 rozpoczął budowę farmy fotowoltaicznej o mocy 20 MW w Wielkopolsce,1
Prezes u: Będę budował koncern multienergetyczny,1
Sellin: Zakup przez  Polska Press umniejszy dominację kapitału zagranicznego w mediach,-1
Marża downstream  wzrosła w grudniu do 53 USD na baryłce,1
: Możejki mają nowe połączenie kolejowe z Ukrainą,1
Wyciek ropy do Bałtyku z instalacji u,1
 ma 20 stacji paliw na rynku słowackim,-1
 PGNiG i Energa utworzą współną spółkę do budowy bloku energetycznego w Ostrołęce,1
Enea rezygnuje z zaangażowania kapitałowego w budowę bloku gazowego w ramach projektu Ostrołęka C,-1
 wyemitował 10000 obligacji o łącznej wartości nominalnej 1 mld zł,1
MAP powołał Zespół ds. konsolidacji spółek sektora paliwowo-gazowego,1
RPO: Zakup koncernu Polska Press przez  rodzi wiele zagrożeń,-1
Do UOKiK wpłynął wniosek u w sprawie przejęcia Polska Press,1
Trigon DM rekomenduje kupno akcji  i Grupy Lotos,1
 poza Polska Press  nie planuje przejmowania innych mediów,1
Stowarzyszenie Dziennikarzy Polskich o zakupie Polski Press: widzimy szansę na przełamanie dominacji wydawnictw zagranicznych,1
 zdecydował o emisji obligacji ESG o łącznej wartości nominalnej do 1 mld zł,1
Obajtek: Zakup grupy medialnej pozwoli lepiej dotrzeć do naszych klientów,1
Obajtek:  przejmuje wydawnictwo Polska Press,1
 w przyszłym tygodniu przeprowadzi book-building obligacji ESG o wartości do 1 mld zł,1
Prezes : Inwestycje w rafinerie ropy nadal sensowne,1
Marża downstream  spadła w listopadzie do 52 USD na baryłce,-1
Obajtek: Marka Ruch będzie wzbogacona,1
 organizuje spotkanie dotyczące budowy morskich farm wiatrowych,1
 zapowiada nową strategię i wyższe dywidendy,1
Obajtek: Wstępna ocena partnerów przy przejęciu Lotosu do końca I kw. '21,1
Prezes u: Najpóźniej w I kw. '21 do KE trafi wstępny wniosek w sprawie przejęcia PGNiG,1
 chce w I kw. '21 uruchomić zagraniczny program emisji obligacji,1
 chce mieć ponad 25 GW mocy w OZE,1
 zakłada ok. 26 mld zł EBITDA grupy do 2030 r.,1
 planuje nakłady inwestycyjne w latach 2020-2030 na ok. 140 mld zł,1
"Prezes : ""Ruch"" nie jest ostatni w naszej układance",1
 Południe planuje budowę nowej linii produkcji i destylacji estrów metylowych UCOFAME,1
Prezes:  finalizuje prace nad strategią,1
 kupił w wezwaniu 45175558 akcji Energi,1
Obajtek: Budowa linii do nawozów azotowych we Włocławku zaawansowana w 32 proc.,1
 przejmuje Ruch i zapowiada nowe formaty gastronomiczno-sklepowe i usługi kurierskie,1
 kupi spółkę OTP za około 89 mln zł,1
Ruch spłacił długi wobec wydawców prasy,1
 ruszyły badania geologiczne związane z budową farmy wiatrowej na Bałtyku,1
Marża na sprzedaży benzyny po październiku wzrosła o 299 proc. wobec '19,1
Marża downstream  w październiku wzrosła do 58 USD na baryłce,1
Marża downstream  w październiku wzrosła do 58 USD na baryłce,1
 zakłada zamknięcie transakcji przejęcia Ruchu do końca '20,1
"Lotos,  Energa i  mają list intencyjny ws. elektrowni gazowo-parowej w Gdańsku",1
 przed BP i Lotosem. Liczba stacji paliw w Polsce wzrosła,1
 może przenieść kilka procent tegorocznych inwestycji na 2021 rok,-1
 obserwuje kilkuprocentowe spadki wolumenów w sprzedaży detalicznej i hurtowej,-1
 szuka możliwości do rozwoju biznesu w Rumunii,1
Grupa  zakłada przerób ropy w czwartym kwartale na poziomie 78 mln ton,1
 pokazał wyniki za III kwartał. Są powyżej konsensusu,1
 chce do końca roku wyemitować obligacje o wartości do 1 mld zł,1
Wiceminister: MAP warunkuje zgodę na fuzję u z Lotosem od spełnienia trzech elementów,1
 na koniec III kwartału miał 1798 stacji paliw,1
DM BOŚ obniża cenę docelową  do 57 zł,-1
 prowadzi rozmowy na temat zakupu Polska Press,1
 przesuwa publikację raportu za III kwartał na 29 października,-1
Polimex wyremontuje instalację dla  za 161 mln zł,1
 wkrótce ruszy z pierwszą emisją zielonych obligacji,1
 poprawił rating ryzyka,1
W  dwóch pracowników zakażonych koronawirusem,-1
Marża downstream  we wrześniu spadła do 54 USD na baryłce,-1
Prokuratura chce aresztowania b. prezesa  i b. wiceprezesa PGE,-1
Były prezes  zatrzymany w sprawie Sławomira Nowaka. W środę przesłuchanie,-1
 chce pozyskać od wynalazców innowacyjne technologie przyjazne środowisku,1
 przed fuzją z Lotosem: rozmawiamy o partnerstwach na nowych rynkach,1
 zakończył budowę instalacji Polietylenu 3 w czeskim Litvinovie,1
Konsorcjum z Mostostalem Płock ma umowę za 405 mln zł netto,1
 do końca '20 rozpocznie budowę pierwszych stacji wodorowych w Czechach,1
 wezwał do sprzedaży 82.754.032 akcji Energi po cenie 835 zł za akcję,1
 wezwał do sprzedaży 82.754.032 akcji Energi po cenie 835 zł za akcję,1
Prezes : Nie będzie zwolnień grupowych w PGNiG,1
 rozpoczął projektowanie morskiej farmy wiatrowej na Bałtyku,1
PGNiG chce współpracy z em jeszcze przed fuzją,1
 rozpoczął wybór wykonawcy hubu wodorowego we Włocławku,1
BP Polska zadowolone z warunków KE dla fuzji u i Lotosu,1
 chce do 2050 r. osiągnąć neutralność emisyjną,-1
 myśli o kolejnych projektach offshore na Bałtyku,1
Prezes:  może rozważyć przesunięcia części inwestycji przy złych warunkach makro,-1
 chce wsparcia rządu Litwy przy inwestycji w pogłębiony przerób w Możejkach,1
 pracuje nad strategią  chce dojść do neutralności klimatycznej w 2050 r.,-1
 chce emitować zielone obligacje w euro,1
 wyda na projekty ograniczające emisję CO2 ponad 25 mld zł do 2030 roku,1
 przedstawi w październiku nową strategię rozwoju,1
Oto najwięksi podatnicy CIT w Polsce,1
 i PGNiG podpisały list intencyjny ws. Ostrołęki C,1
: nie doszło do żadnego wycieku w Płocku,1
Prezes PGNiG: Połączenie z em ułatwi transformację energetyczną,1
Marża downstream  w sierpniu wzrosła do 57 USD na baryłce,1
Marża downstream  w sierpniu wzrosła do 57 USD na baryłce,1
Obajtek: W tym roku zainwestujemy ok. 7 mld zł w zadania rozwojowe,1
Skarb Państwa   i Lotos podpisały porozumienie dotyczące realizacji kupna akcji Lotosu,1
Obajtek:  przejmie Lotos na optymalnych warunkach,1
 ocenia warunki zaradcze jako optymalne  priorytetem wymiana aktywów,1
 ocenia warunki zaradcze jako optymalne  priorytetem wymiana aktywów,1
Obajtek:  nie zakłada na razie zdjęcia Lotosu z GPW,1
Marża downstream  w lipcu wzrosła do 52 USD na baryłce,1
Marża na sprzedaży benzyny po lipcu wzrosła o 384 proc. wobec '19,1
Trwają prace nad nową umową wspólników dla projektu w Ostrołęce,1
 chce w ciągu kilku miesięcy rozpocząć procedurę prenotyfikacyjną ws. PGNiG,1
 ma umowę obrotowego kredytu odnawialnego w kwocie do 175 mld euro,1
 Południe podpisał list intencyjny ws. budowy 20 biogazowni,1
 Projekt i Energa Invest wspólnie realizują zamówienia np. w zakresie fotowoltaiki,1
Zdarzenia księgowe powiększą EBITDA grupy  w II kw. o ok. 5,1
Grupa  w 2019 r. sprzedała rekordowe 16 mld zł 56 mln ton asfaltów,1
 i PGNiG zawarły umowę o współpracy oraz o zachowaniu poufności,1
 zakończył badania środowiskowe dla morskiej farmy wiatrowej na Bałtyku,1
Unimot jest gotów rozmawiać ws. środków zaradczych u,1
 na koniec I półrocza miał 1792 stacje paliw,1
Obajtek o przejęciu Lotosu: To była bardzo ciężka fuzja,-1
Moody's zmienił perspektywę ratingu Baa2  na pozytywną,1
Prezes : Po połączeniu osiągniemy niesamowity efekt skali,1
Prezes : Po połączeniu osiągniemy niesamowity efekt skali,1
Sasin: Wspólne zakupy ropy naftowej przez  i Lotos to oszczędność 1-2 mld zł rocznie,1
BP Polska ma nadzieję  że środki zaradcze u wystarczą do zachowania konkurencyjności rynku,1
Obajtek: Dzięki fuzji z Lotosem  będzie kupował ropę taniej,1
Priorytetem u jak najmniejsze obciążenie bilansu przez przejęcia,1
Skarb Państwa sowicie zarobi na przejęciach u,-1
KE daje zielone światło na fuzję u z Lotosem,1
 chce przejąć kontrolę nad PGNiG  ale stawia warunki,1
Obajtek: Grupa  odnotowała rekordową sprzedaż wolumenową w 2019 roku,1
" dementuje informacje ""GW"" o warunkach zgody KE na fuzję z Lotosem",1
DM BOŚ obniżył cenę docelową dla akcji  do 80 zł,-1
Energa uruchomiła farmę wiatrową Przykona o mocy 31 MW,1
Obajtek:  może w ciągu dwóch-trzech tygodni przedstawić plan synergii z Energą,1
 rozpoczął budowę instalacji Visbreakingu w Płocku,1
 ma zabezpieczony gaz z PGNiG do elektrowni Ostrołęka,1
Marża na sprzedaży benzyny po czerwcu wzrosła o 679 proc.,1
Inwestorzy offshore liczą na szybkie uchwalenie ustawy,1
Obajtek: Za czasów PiS  zarobił 23 mld zł,1
Marża downstream  w czerwcu spadła do 31 USD na baryłce,-1
Reuters:  dostanie zgodę na przejęcie Lotosu,1
Zapomnijcie o tanim tankowaniu. Ceny paliw znowu w górę,1
PGNiG przedłużył umowę na dostawy gazu dla PKN,1
 wchodzi na rynek chiński,1
Obajtek: Niebawem podpiszemy umowę z wykonawcą bloku w Ostrołęce,1
Prezes : Nie będzie zgody na wydłużenie terminu fuzji z Lotosem,1
"Połączenie u z PGNiG? ""Niczego nie wykluczamy""",1
Obajtek: W Polsce jest miejsce tylko na jeden koncern multienergetyczny,1
 wypłaci dywidendę za '19 w wysokości 1 zł na akcję,1
Enea będzie mniejszościowym udziałowcem Elektrowni Ostrołęka,-1
Marża downstream  spadła w maju do 47 USD na baryłce,-1
Alior Bank przejmie Ruch za 1 zł. Spółka docelowo trafi w ręce u,1
Moody's podtrzymał rating  na poziomie Baa2,-1
 do 2021 wybuduje we Włocławku hub wodorowy,1
 Pay z nowymi funkcjami.  rozwija aplikację,1
Obajtek: Wydłużenie terminu decyzji KE w sprawie fuzji u z Lotosem to pozytywny sygnał,1
KE wydłużyła do 22 lipca termin rozpatrzenia wniosku w sprawie fuzji u z Lotosem,-1
W spółce Grupy  jedna osoba zakażona koronawirusem,-1
Projekt Ostrołęka C spisany na straty,-1
Elektrownia Ostrołęka na gaz?  chce zmiany założeń,1
 chce przygotować grę strategiczną do szkolenia stażystów,1
 kupił licencję i projekt bazowy modernizacji instalacji Hydroodsiarczania Gudronu,1
Ostrołęka C pochłonęła już miliard złotych. Co dalej zrobi z nią ?,-1
 kupił licencję i projekt bazowy modernizacji instalacji Hydroodsiarczania Gudronu,1
Ostrołęka C pochłonęła już miliard złotych. Co dalej zrobi z nią ?,-1
 kontynuuje inwestycje w obszarze petrochemii,1
 sprzedaje maski ochronne polskich producentów,1
Grupa  planuje podwoić liczbę swych stacji paliw na Słowacji,1
 nie zakłada dalszego ograniczania przerobu ropy,1
Fuzja u z Lotosem. Decyzja do końca czerwca,1
 obniża rekomendację dywidendy za 2019 rok,-1
Marża downstream  spadła w kwietniu do 145 USD na baryłce,-1
Marża na sprzedaży benzyny po kwietniu wzrosła o 1192 proc. rdr,1
 w raporcie grupy za I kw. ujmie odpisy na ok. 25 mld zł,-1
 pracuje nad strategią do 2030 r.,1
 formalnie stał się właścicielem Energi,1
Moody's obniżył rating Energi do Baa2 z Baa1,-1
Sasin:  ma kolejne pomysły na rozwój,1
 w ciągu miesiąca przedstawi wizję dot. projektu w Ostrołęce (opis),1
 chce w dwa miesiące przedstawić plan synergii po połączeniu z Energą (opis),1
MAP jest za kolejnymi fuzjami i przejęciami w ramach spółek Skarbu Państwa - wicepremier Sasin,1
 w ciągu miesiąca przedstawi wizję dot. projektu w Ostrołęce,1
 chce mieć docelowo 100 proc. akcji Energi  ale na razie skupi się na inwestycjach,1
Zastępowanie energetyki węglowej gazem w nowych inwestycjach to dobry kierunek - wicepremier Sasin,1
 chce w dwa miesiące przedstawić plan synergii po połączeniu z Energą,1
 kupił w wezwaniu 333 313 082 akcji Energi,1
 kupił w wezwaniu 331.313.082 akcji Energi (popr.),1
Do Polski dotarła pierwsza partia z 83 mln masek ochronnych  które zamówił ,1
"Raiffeisen podniósł rekomendację dla u do ""trzymaj""",1
Daniel Obajtek powołany na prezesa  na kolejną kadencję,1
Gł. ekonomista u: Ropa Brent pozostanie tania do końca ‘20,-1
 na koniec I kwartału miał 1 796 stacji paliw,1
 przesunął termin publikacji raportu za I kw.,-1
Spełnił się warunek 66 proc. w wezwaniu  na Energę,1
Skarb Państwa zgodził się sprzedać owi akcje Energi,1
 podpisał porozumienie ze Skarbem Państwa ws. przejęcia Energi,1
Ostrołęka C jednak na gaz?,-1
 z rabatem dla żołnierzy WOT,1
 podniósł cenę w wezwaniu na akcje Energi do 835 zł z 700 zł,-1
 podnosi cenę w wezwaniu na akcje Energi do 835 zł z 7 zł,-1
Unimot rozmawia z em o kupnie aktywów,1
 wnioskuje do UOKiK o przejęcie Ruchu,1
 otrzymał od KE zastrzeżenia ws. fuzji z Lotosem,-1
"DM BOŚ podnosi rekomendację  do ""kupuj""",1
Konsumpcja paliw w Polsce w 2030 roku wzrośnie do 38 mln m sześc.,1
Obajtek:  zapłaci za Energę tyle  ile jest warta,1
 przeznacza 100 mln zł na walkę z koronawirusem,-1
Marża downstream  wzrosła w marcu do 15 USD na baryłce,1
Prezes  zapowiada zwiększanie produkcji płynów do dezynfekcji,1
 zakończył główną część budowy instalacji polietylenu w Unipetrolu,1
KE zatwierdziła przejęcie Energii przez ,1
 ma zgodę KE na przejęcie Energii,1
Sklepy odsprzedają płyn do dezynfekcji.  wstrzymuje dostawy,-1
Obajtek: W czasie kryzysu również trzeba prowadzić inwestycje,1
 nie odstępuje od fuzji z Lotosem  czeka na decyzje Komisji Europejskiej,1
Kolejne 60 mln zł na walkę z koronawirusem od u,-1
"BM mBanku podniósł rekomendację dla  do ""akumuluj""",1
Obajtek:  wyprodukuje płyn do dezynfekcji powierzchni na początku kwietnia,1
W marcu 1 mln litrów płynu do dezynfekcji rąk od u trafi do ARM,1
Termin zakończenia przyjmowania zapisów w wezwaniu PKN na Energę przedłużony do 22 kwietnia,-1
Komunikat w sprawie wydłużenia terminu przyjmowania zapisów oraz zmiany treści wezwania do zapisywania się na sprzedaż akcji ENERGA SA,-1
: będzie więcej płynu do dezynfekcji rąk,1
Szef : Powstało już ok. 13 mln litrów płynu do dezynfekcji,1
Przerób ropy w zakładzie  w Płocku odbywa się według planu,1
 przekaże 16 mln zł dla szpitala przemianowanego na zakaźny,-1
Litrowe płyny do dezynfekcji od u już na stacjach,1
Sasin: Sprzedaż benzyny na stacjach Lotosu i PKN spadła praktycznie o połowę,-1
Milion maseczek i mniejsze opakowania płynu wirusobójczego od u,1
Zarząd u rekomenduje dywidendę w wysokości 3 zł na akcję,1
Litr płynu do dezynfekcji za 15 zł.  zwiększa produkcję i obniża cenę,1
Biznes włącza sie do walki z koronawirusem,1
Obajtek:  maksymalnie obniży ceny paliw na stacjach,-1
 wyprodukuje więcej płynu do dezynfekcji rąk,1
 zamyka punkty restauracyjne na stacjach paliw,-1
 rozpoczął produkcję płynu do dezynfekcji rąk,1
Nadjeżdżają wielkie obniżki cen paliw?  ma z czego ciąć,-1
 rozpoczął produkcję płynu do dezynfekcji rąk,1
 obniży ceny paliw na stacjach. O ile...,-1
Obajtek: W tym tygodniu  ruszy z produkcją płynu do dezynfekcji,1
Ponad 100 nowych stacji paliw w Polsce rocznie. Kto ma najwięcej?,1
Trigon DM zaleca sprzedaż  i zakup Grupy Lotos,-1
Tania ropa to manna z nieba dla u,1
 przygotowany na zagrożenia zw. z koronawirusem,1
 Oil rozpocznie produkcję płynów do dezynfekcji rąk,1
Marża downstream  wzrosła do 98 USD na baryłce,1
Marża na sprzedaży benzyny po lutym wzrosła o 137 proc.,1
Fuzja u i Lotosu? KE wznowiła procedurę,1
Będą podwyżki wynagrodzeń w ,-1
 domaga się m.in. od mBanku 6357 mln zł z tytułu opłaty interchange,1
KE wydłużyła do 30 czerwca termin rozpatrzenia wniosku w sprawie fuzji u z Lotosem,-1
Obajtek: Szyld u ponownie w Niemczech,1
 złożył do KE wniosek w związku Energą,1
Polwax wzywa  Projekt do zapłaty,-1
Sasin: Skarb Państwa chciałby by cena w wezwaniu u na Energę była wyższa,-1
Enea i Energa chcą zakończyć analizy Ostrołęki C,1
 przedstawił KE kolejne propozycje ws. połączenia z Lotosem,1
Minister: Elektrownia w Ostrołęce powstanie. Dyskutujemy o paliwie,1
Obajtek: W tym roku zakończenie modernizacji hydrokrakingu,1
Instalacja BoB w Możejkach ma zwiększyć zysk operacyjny u o kilkaset milionów złotych,1
 chce mieć docelowo 70-80 stacji paliw na Litwie,1
Prezes : Do końca roku co najmniej 29 stacji paliw koncernu na Litwie,1
Obajtek: Rafineria w Możejkach jest dobrą inwestycją strategiczną i biznesową,1
 odwróci odpisy o wartości ok. 1 mld zł,1
"Rurociąg ""Przyjaźń"" uszkodzony, trwają prace naprawcze",-1
Enea i Energa zawiesiły finansowanie projektu Ostrołęka C na czas dalszych analiz,-1
Prezes Obajtek: Zawieszenie finansowania projektu Ostrołęka C słuszną decyzją biznesową,-1
Główny ekonomista : Otoczenie makro w sektorze paliwowym mocno się poprawia,1
Sasin: Liczymy na pozytywną decyzję KE ws. fuzji  i Lotosu,1
Sasin: 7 zł za akcję Energi to absolutne minimum,-1
"DM mBanku obniża rekomendację  do ""redukuj""",-1
 planuje inwestycję w magazyn odpadów w zakładzie głównym w Płocku,1
Czyżewski: Otoczenie makro sektora paliwowego nadal trudne   liczy na poprawę do końca I kw.,-1
 zainwestuje 1 mld zł w instalację visbreakingu,1
Media: Małżonka premiera Litwy zatrudniona w spółce u,-1
Marża downstream  wzrosła w styczniu do 85 USD na baryłce,1
Marża na sprzedaży benzyny po styczniu spadła o 98 proc. wobec '19 – POPIHN,-1
 kolejny raz w gronie najlepszych pracodawców w Polsce,1
Sasin: Lotos może stworzyć klaster technologii wodorowych i energetycznych po fuzji z em,1
 spodziewa się decyzji KE ws. Lotosu w pierwszym półroczu,1
 liczy że decyzja UOKiK ws. przejęcia Ruchu zapadnie do końca I kw.,1
 nie zakłada obecnie podniesienia ceny w wezwaniu na Energę,1
 spodziewa się w I kw. spadku marży detalicznej rdr,-1
 rozczarował wynikami. Kurs w dół,-1
Prezes : przygotowanie strategii na 2020-30 wyzwaniem na ten rok,1
EBITDA LIFO  w czwartym kwartale 15 mld zł  poniżej oczekiwań,-1
 oczekuje w 2020 r. wyższej marży downstream i rafineryjnej z dyferencjałem Ural/Brent,1
W I kwartale spadają marża downstream i rafineryjna - ,-1
 planuje CAPEX na '20 w wysokości 77 mld zł,1
"Zarząd ""przyklepał"" słuszność spadków Energi",-1
 i Płock będą współpracować ws. rozwoju transportu z napędem na wodór,1
Zarząd Energi pozytywnie o wezwaniu u,1
 zapowiada wybór partnera do offshore na przełomie I/II kwartału 2020 roku,1
 rozmawia z konkurencją o wymianie części stacji paliw,1
Obajtek: Zakup Energi jest korzystny dla u trwają analizy bloku C w Ostrołęce,1
Obajtek:  planuje ok. 8 mld zł inwestycji w '20 bez wpływu na politykę dywidendową,1
MOL ocenia że fuzja u z Lotosem może zwiększyć konkurencję,-1
 sprowadzi więcej ropy z Arabii Saudyjskiej,1
DM BOŚ obniża cenę docelową akcji u do 101 zł,-1
Gdzie w 2020 roku szukać wysokich dywidend?,1
Termo-Rex ma umowę z  za 148 mln zł,1
 rozpoczął postępowanie na wstępny projekt techniczny morskiej farmy wiatrowej na Bałtyku,1
Główny ekonomista : Jak dotąd na rynku ropy nie widać dużego napięcia,1
Marża downstream  wzrosła w grudniu do 75 USD na baryłce,1
Marża na sprzedaży benzyny w 2019 r. spadła wobec 2018 r.,-1
Logotyp u na zagranicznych stacjach paliwowych koncernu,1
Elektrobudowa złożyła pozew przeciwko  na ok. 1039 mln zł i ok. 115 mln euro,-1
Obajtek o efekcie Kubicy: wartość reklamowa marki  przekroczyła 110 mln zł,1
Koleje litewskie odbudowały odcinek torów z rafinerii u w Możejkach do Renge,1
Polwax wzywa  Projekt do zapłaty 1396 mln zł,-1
Polwax rezygnuje z realizacji instalacji odolejenia wystąpi z roszczeniami do u,-1
Największe firmy szybsze niż PKB,1
 rozważa budowę instalacji HVO w Płocku,1
 Serwis utworzył w Czechach spółkę zależną,1
Grupa  kończy 2019 rok z dziesięcioma stacjami paliw na Słowacji,1
 chce inwestować w kolejnych latach 8-10 mld zł rocznie,1
Moody's zmienił perspektywę ratingu Baa2  na negatywną,-1
 i Pesa budują pociąg napędzany wodorem. Pierwsze testy w 2021 roku,1
PKN i Pesa podpisały list intencyjny ws. współpracy przy opracowaniu pojazdu szynowego na wodór,1
Moody's może obniżyć rating Energi w związku z wezwaniem ogłoszonym przez ,-1
Prezes:  wystąpił do dostawców rosyjskich o odszkodowania za zanieczyszczoną ropę,1
Fitch: Nabycie Energi przez  neutralne dla ratingu płockiego koncernu,1
Fitch umieścił rating Energi na liście obserwacyjnej ze wskazaniem negatywnym,-1
 zakończył badanie dna Bałtyku w ramach projektu budowy morskich farm wiatrowych,1
 zawarł z Energą umowę na jej zbadanie,1
 zakończył badanie dna Bałtyku w ramach projektu farm wiatrowych,1
Fuzja u i Energi - zamach na lokalną gospodarkę?,-1
Następnym celem przejęć może być Tauron. Wśród kandydatów Enea  KGHM i PGNiG,1
Kurs u pikuje. Energa w górę,-1
Analiza: Cena w wezwaniu na akcje Energi nie jest atrakcyjna  kluczowa będzie przyszłość Ostrołęki C,-1
Obajtek: Strategia u nie uwzględnia zaangażowania we wspieranie górnictwa,1
" uważa, że węglowy projekt Ostrołęka C ""nie jest najlepszy""",1
 chce przejąć Energę i stworzyć koncern typu multi-utility,1
Przejęcie Energi nie wpłynie na politykę dywidendową  - prezes,1
 liczy że do końca roku wybierze partnera do projektu offshore,1
 przeanalizuje projekty inwestycyjne Energi nie wyklucza kolejnych akwizycji,1
Marże rafineryjne w '20 powinny być wyższe rdr - Fitch,1
Fitch: Marże rafineryjne w '20 powinny być wyższe rdr,1
Marża downstream  spadła w listopadzie do 68 USD na baryłce,-1
Marża na sprzedaży benzyny po listopadzie '19 spadła o 89 proc. vs średnia z '18 – POPIHN,-1
Zarząd i RN u wyraziły zgodę na budowę instalacji Visbreakingu w Płocku za ok. 1 mld zł,1
Fitch zakłada że łączne zadłużenie 6 spółek paliwowo-energetycznych wzrośnie do 60 mld zł w ‘20,-1
KE kieruje do TSUE sprawę przeciw Polsce za ulgi dla firm energetycznych,-1
 podpisał umowę z Fluor na zarządzanie w formule PMC+ przy rozbudowie kompleksu olefin,1
"DM mBanku obniża rekomendację  do ""redukuj""",-1
 przedłużył porozumienie o współpracy z Kolejami Litewskimi do 2028 r.,1
Obajtek:  przedłużył umowę z Kolejami Litewskimi,1
 Paliwa sponsorem tytularnym warszawskiego klubu siatkarskiego,1
Obajtek: inwestycje  w petrochemię od 2020 r. mogą dodać do EBITDA 300 mln zł,1
Hot dogi kupuje trzech na dziesięciu Polaków,1
Elektrobudowa i  zdecydowały się na postępowanie arbitrażowe,1
Marża downstream  wzrosła w październiku do 127 USD na baryłce,1
Avia International zaproponowała  odkupienie pakietu stacji paliw,1
AVIA gotowa do odkupienia części stacji u,1
 rozpoczął badanie dna Bałtyku,1
 sprzedał 48 mln hot dogów w 2018 roku,1
Bank Handlowy wypłacił owi gwarancje związane z kontraktem Metateza - Elektrobudowa,1
Orzeł u pojawi się w Niemczech i Czechach,1
 z 1266 mld zł zysku w trzecim kwartale br.,1
 chce pozostać spółką płacącą dywidendę (opis),1
 liczy na wyższą marżę downstream w 2020 roku,1
Skoryg. EBITDA LIFO  w III kw. 19 roku wyniosła 317 mld zł zgodnie z konsensusem,1
: w IV kwartale rośnie marża downstream,1
Obajtek:  przedstawił KE warunki zaradcze dot. przejęcia Lotosu,1
 chce na początku 2020 roku wybrać wykonawcę instalacji fenolu,1
 przesłał KE warunki zaradcze dotyczące transakcji przejęcia Lotosu,1
Transport 100 tys. ton ropy z USA dotarł do Gdańska  zapowiada teraz dostawy z Afryki,1
 rozpoczyna rebranding na swoich zagranicznych stacjach,1
Prezes : koncern otworzył pierwszą stację paliw w Bawarii,1
 otrzymał część odszkodowań od firm rosyjskich z tytułu niedostarczonej ropy,1
 otrzymał część odszkodowań od firm rosyjskich z tytułu niedostarczonej ropy,1
 zapowiada ujednolicenie marek na swoich stacjach w Czechach Słowacji i Niemczech,1
 ma oferty wstępne od potencjalnych partnerów przy projekcie offshore,1
DM BOŚ podniósł cenę docelową  do 131 zł,1
 zakończył due diligence grupy Lotos,1
Ruszają postoje remontowe niektórych instalacji w głównym zakładzie ,1
 ma zgodę urzędów antymonopolowych na przejęcie siedmiu stacji paliw na Słowacji,1
 prowadzi postępowanie wyboru dostawców LPG w wybranych województwach,1
 rośnie na Słowacji,1
 odbierze w październiku dostawę 100 tys. ton amerykańskiej ropy,1
" i KE zastosowały procedurę ""zatrzymania zegara"" w negocjacjach ws. przejęcia Lotosu",-1
W głównym zakładzie  rozruch instalacji olefin po remoncie,1
 chce sprzedawać czekolady pod marką własną - szuka producenta,1
 szuka producenta chipsów swojej marki,1
 złożył zawiadomienie do prokuratury ws. kupna spółki FX Energy,1
Naimski: Zadaniem PERN pełne zróżnicowanie dostaw ropy do Polski,1
Obajtek:  liczy na sfinalizowanie przejęcia Ruchu do końca 2019 roku,1
TVP1 o wyprowadzaniu pieniędzy z u: zawyżano kosztorysy wystawiono fikcyjne faktury,-1
Grupa  zwiększa liczbę stacji paliw na Słowacji,1
Anwil podpisał z Prochem umowę na budowę infrastruktury OSBL,1
Grupa  chce w 2-3 lata zwiększyć udział w czeskim rynku paliw do 30 proc.,1
 chce za 2-3 lata mieć na Słowacji co najmniej 30-40 stacji paliw,1
 chce zdecydowanie zwiększać udział w detalu na Słowacji umacnia się na Litwie,1
 szuka wykonawcy serwisu bocznic kolejowych na lata 2020-22,1
 analizuje użycie technologii Honeywell by zwiększyć marże na paliwach i petrochemikaliach,1
"DM BDM obniżył cenę docelową  do 96,6 zł, utrzymał rekomendację ""akumuluj""",-1
"Awaria w . ""Trwa stabilizacja procesu""",-1
 po awarii na instalacji olefin - mniejszy płomień przyspieszony remont,-1
" rozmawia z ""dwucyfrową liczbą"" partnerów do offshore",1
 i PGE podpisały list intencyjny ws. współpracy przy offshore,1
: „cysterny wstydu” nie są nasze,-1
 rozważa rozbudowę magazynów zwiększa dywersyfikację dostaw,1
Awaria na instalacji olefin w ,-1
Obajtek: Pakiet paliwowy korzystnie wpływa zarówno na rynek jak i zyski ,1
UOKiK zgodził się na utworzenie przez  i PZU domu mediowego o nazwie Sigma BIS,1
Ogłoszono zamówienia w ramach GovTech,1
 wymieni zagraniczne szyldy,1
CBA zatrzymało ponownie b. prezesa  Jacka K. i sześć innych osób,-1
 planuje na przełomie roku uruchomić fundusz CVC,1
30 proc. marży brutto ze sprzedaży na stacjach u pochodzi z segmentu pozapaliwowego,1
 zwiększył udział sprzedaży polskich produktów na stacjach do 85 proc.,1
 zakłada że najpóźniej do końca '19 przedstawi szacunki strat po dostawach brudnej ropy z Rosji,-1
BP mogłoby być zainteresowane aktywami ,1
Obajtek: Nie będzie politycznych obniżek cen paliw,1
 chce jeszcze mocniej uniezależnić się od dostaw ropy ze Wschodu,1
"Marża na sprzedaży benzyny po sierpniu wzrosła o 0,8 proc.",1
"Marża downstream  w sierpniu spadła do 12,6 USD na baryłce",-1
 liczy że dzięki przejęciu Ruchu wzmocni segment sprzedaży detalicznej,1
Sąd zatwierdził układy Ruchu z wierzycielami,1
"Obajtek: Droga do przejęcia Ruchu przez  otwarta,  projekt ma duży potencjał",1
Spółki Skarbu Państwa czeka dywidendowa posucha?,-1
Lotos   i SP podpisali porozumienie dot. realizacji zakupu akcji Lotosu przez PKN,1
Lotos   i SP podpisali porozumienie dot. realizacji zakupu akcji Lotosu przez PKN,1
 uruchomi we Włocławku instalację pilotażową do testowania katalizatorów uwodornienia,1
"Prezes Lotosu: Połączenie spółki z  to ""pozytywna wartość"" dla grupy Lotos i akcjonariuszy",1
KE wydłużyła do 22 stycznia termin rozpatrzenia wniosku w sprawie fuzji u z Lotosem,-1
5 firm zapłaci w '19 40 mln zł z tytułu przyspieszenia opodatkowania wydobycia ropy i gazu - MF,-1
" liczy, że dalsze rozmowy z KE ws. przejęcia Lotosu pozwolą na wypracowanie optymalnych rozwiązań na rynku",1
KE wszczyna szczegółowe postępowanie w sprawie przejęcia Lotosu przez ,1
" liczy, że dalsze rozmo że dalsze rozmowy z KE ws. przejęcia Lotosu pozwolą na wypracowanie optymalnych rozwiązań na rynkuwy z KE ws. przejęcia Lotosu pozwolą na wypracowanie optymalnych rozwiązań na rynku",1
"DZIEŃ NA GPW: Kurs Lotosu o 3,6 w dół po informacji o drugim etapie postępowania KE",-1
KE wszczyna szczegółowe postępowanie w sprawie przejęcia Lotosu przez  (opis),1
Połączenie  i Grupy Lotos wzmocni m.in. potencjał rafineryjny,1
"Marża downstream  w lipcu wzrosła do 12,8 USD na baryłce",1
Konsolidacja aktywów laboratoryjnych Grupy ,1
"Marża na sprzedaży benzyny po lipcu '19 wzrosła o 1,9 proc. vs średnia z '18 - POPIHN",1
 Upstream chce zagospodarować złoże gazu Bystrowice,1
 szuka producenta soków z koncentratów,1
 i PZU planują wspólne zakupy marketingowe,1
 ogłosił zapytanie ws. budowy elektrowni fotowoltaicznej we Włocławku,1
 przed BP. Prawie 8 tys. stacji paliw w Polsce,1
Oferta sklepów na stacjach  pozytywnie oceniania przez klientów,1
" zakłada,  że decyzja KE ws. fuzji z Lotosem będzie do końca roku",1
 pod koniec VIII rozpocznie ocenę wpływu zanieczyszczonej ropy na instalacje grupy,-1
 pod koniec VIII rozpocznie ocenę wpływu zanieczyszczonej ropy na instalacje grupy (opis),-1
" chce wybrać partnera do projektu offshore jeszcze w '19,  podpisać umowę w I poł. '20",1
 podtrzymuje plan ok. 5 mld zł CAPEX-u w '19 mimo pewnych opóźnień po I półroczu,1
"Zysk netto Grupy  w I kwartale br. wyniósł 1,6 mld zł",1
: w III kwartale rosną marże downstream i rafineryjna,1
DM BDM podniósł cenę docelową  do 98 zł,1
Ruch składa zażalenie,1
"Marża na sprzedaży benzyny po czerwcu '19 spadła o 0,7 proc. vs średnia z '18 – POPIHN",-1
 potrzebuje 2 tys. cystern kolejowych,-1
DM BOŚ podniósł cenę docelową  do 129 zł,1
Rząd za nowelą ustawy o zapasach ropy i innych paliw,1
Obajtek: Nie wiadomo czy fuzja u z Lotosem dojdzie do skutku,-1
Naimski: Rozmowy z em ws. magazynów ropy prawdopodobnie się nieco przesuną,-1
 w ciągu kilku tygodni powinien mieć szacunki strat związanych z zanieczyszczoną ropą,-1
 na razie podtrzymuje harmonogram dot. połączenia z Lotosem do końca roku,1
Finalizacja przejęcia Grupy Lotos przez  przełoży się na większe możliwości inwestycyjne,1
 złożył wniosek do KE o zgodę na przejęcie kontroli nad Grupą Lotos,1
 analizuje możliwość zwiększenia dostaw ropy z Angoli,1
"PERN: Dostawy ropy do Adamowa odbywają się trzema nitkami rurociągu „Przyjaźń""",1
"Marża downstream  w czerwcu spadła do 11,4 USD na baryłce",-1
" Asfalt,  Grupa Lotos i Budimex tworzą konsorcjum naukowe",1
APN Promise podpisał umowę z  o wartości do 30 mln euro,1
Anwil ma umowę na budowę instalacji granulacji,1
Dwie osoby zatrzymane ws. odwiertu z rurociągu paliwowego ,-1
"Obajtek:  ma plan B,  jeśli decyzja Komisji ws. przejęcia kontroli nad Lotosem będzie negatywna",1
Obajtek: Na początku lipca do KE trafi wniosek ws. połączenia Lotosu z em,1
 oczekuje decyzji KE w sprawie przejęcia Lotosu w ciągu 5-6 miesięcy – Obajtek,1
" zakłada,  że decyzję ws. połączenia z Lotosem podejmie jeszcze komisarz Vestager",1
"DM BDM podniósł rekomendację dla  do ""akumuluj"", obniżył cenę docelową do 94,9 zł",-1
PERN wykrył skażenie ropy - czasowo wstrzymał tłoczenie  dostawy już wznowiono,-1
" chce sprowadzać więcej ropy z Afryki,  w tym z Angoli",1
Obajtek: Dwa rodzaje roszczeń wobec rosyjskich dostawców ropy,-1
"PKN analizuje wpływ brudnej ropy na instalacje,  na razie nie ma większych uszkodzeń",1
"Walne zgromadzenie  zdecydowało o wypłacie 3, 5 zł dywidendy na akcję",1
Obajtek: Rosjanie uznali nasze prawo do roszczeń za zanieczyszczoną ropę naftową,1
Skarb Państwa chce wzmocnić nadzór właścicielski nad em,-1
W elektrociepłowni  Południe prąd i ciepło także z czystego gazu ziemnego,1
"Polwax przelał na rachunek komornika 6,7 mln zł zabezpieczenia roszczenia na rzecz  Projekt",1
Energa Invest i  Projekt podpisały list intencyjny ws. współpracy,1
 wybuduje turbozespół TG1 w Elektrociepłowni Płock,1
Lotos i  informują o wznowieniu odbioru dostaw ropy naftowej w punkcie Adamowo,1
Dostawy czystej ropy rurociągiem Przyjaźń do rafinerii w Płocku zostały wznowione - ,1
 Serwis sfinalizował zakup akcji litewskiej spółki UAB Emas,1
"Lotos do czasu przywrócenia pracy ""Przyjaźni"" będzie korzystał z dostaw ropy drogą morską",1
"Marża downstream  w maju wzrosła do 11,5 USD na baryłce",1
Jest mechanizm rekompensat między Transnieft a producentami ropy ws. zanieczyszczonej ropy - PKN,1
PKN: Jest mechanizm rekompensat między Transnieft a producentami ropy ws. zanieczyszczonej ropy,1
Sąd w Rzeszowie nakazał Polwaksowi zapłatę części należności na rzecz  Projekt,1
Rosja: dostawy czystej ropy do Polski mogą się zacząć 8-9 czerwca,1
 chce mieć 7-8 tys. klientów-akcjonariuszy,1
 podtrzymuje plany dot. przejęcia i restrukturyzacji Ruchu,1
Alior w porozumieniu z em dąży do realizacji wcześniej nakreślonego planu restrukturyzacji Ruchu,1
"Obajtek: Myślę,  że najbliższe rozmowy ws. ropy z Rosjanami będą przełomowe",1
 ma umowę na budowę instalacji glikolu propylenowego w Trzebini za ok. 400 mln zł,1
"Wznowiono dostawy ropy naftowej rurociągiem ""Przyjaźń"" do rafinerii w Litvinovie",1
Morska energetyka wiatrowa może do 2030 roku dodać do PKB nawet 60 mld zł - PSEW,1
" chce zapłacić Elektrobudowie o ok. 15,9 mln zł mniej za Metatezę",1
Tchórzewski: Dialog ws. przesyłu ropy trwa. Do uzgodnienia odszkodowania,1
: Dialog w sprawie dostaw ropy z Rosji będzie kontynuowany,1
Azoty: nowa instalacja Anwilu może oznaczać wojnę cenową,-1
Tranzyt ropy do Polski blokuje zanieczyszczony surowiec na Białorusi,-1
 prowadzi negocjacje ws. rosyjskiej ropy z rurociągu Przyjaźń,1
 chce złożyć wniosek o przejęcie Lotosu w tej kadencji KE,1
Obajtek:  przygotowuje się do kolejnych inwestycji w Anwilu,1
Obajtek: Trzecia linia produkcji nawozów przedłuży żywotność Anwilu,1
Morawiecki: Rosyjskie firmy muszą odpowiedzieć finansowo za zanieczyszczoną ropę,-1
ME wystąpiło do Rosji o podjęcie pilnych działań w celu przywrócenia dostaw czystej ropy,1
Minister energetyki Rosji zapewnia że tranzyt ropy do Polski ruszy w poniedziałek,1
 i Lotos spodziewają się że w ciągu kilku - kilkunastu dni zacznie płynąć czysta ropa z Rosji,1
PERN: Rafinerie oczekują dyskonta w cenie za zachlorowaną ropę,-1
 stawia na dywersyfikacje dostaw ropy,1
Unipetrol skorzysta z rezerw strategicznych ropy przez dalsze 2 tygodnie,-1
Tchórzewski: Rezerwy ropy są wystarczające na razie nie ma potrzeby ich uwalniania,1
 chce uruchomić produkcję gazu ze złoża na Podkarpaciu,1
Prezes : Liczymy że ropa rurociągiem Przyjaźń popłynie jeszcze w maju,1
Prezes Alior Banku: Proces restrukturyzacji Ruchu zgodnie z planem,1
Elektrobudowa zakończyła budowę Instalacji Metatezy w zakładzie u,1
Czysta ropa trafi na granicę Rosji i Białorusi pod koniec kwietnia - Biełnaftachim,1
PERN: wypracowano rozwiązanie ws. zanieczyszczonej ropy - jest ono analizowane,1
"Wstrzymano dostawy ropy rurociągiem ""Przyjaźń"" do rafinerii w Litwinowie - ",-1
Obajtek: Przejęcie Lotosu pozwoli owi skuteczniej odpowiadać na zakłócenia w dostawie ropy,1
d Elektrociepłownia u we Włocławku wznowi prace w najbliższych dniach,1
d  planuje otwarcie w '19 około 25 stacji paliw,1
W maju rozprawa ws. pozwu Polocktransneft Druzhba wobec  Lietuva,-1
Odbiór rosyjskiej ropy na granicy z Białorusią został wstrzymany.  i Lotos uspokajają,1
Zysk netto Grupy  w I kwartale br. wyniósł 849 mln zł,-1
"Skoryg. EBITDA LIFO  w I kw. 19 roku wyniosła 1,8 mld zł  blisko konsensusu",1
Anwil podpisał umowę na budowę instalacji kwasu azotowego i neutralizacji we Włocławku,1
 nie odnotował pogorszenia się jakości ropy naftowej,1
Rozmowy  z KE nie powinny opóźnić przejęcia Lotosu,1
Budimex wybuduje centrum badawczo-rozwojowe  za 167 mln zł,1
" chce ugody z Elektrobudową  oczekuje zapłaty 15, 1 mln zł z odsetkami",-1
Przejęcie Ruchu przez  możliwe w III kw.lekko pozytywne dla rezerw Aliora w IV kw. - wiceprezes banku,1
Wierzyciele Ruchu zgodzili się na umorzenie części wierzytelności,1
 rozpoczął działalność na rynku słowackim w '19 chce mieć 10 stacji pod marką Benzina,1
 sprowadza do Polski 50 proc. ropy spoza Rosji,1
Alior Bank chce przejąć 100 proc. akcji Ruchu a następnie sprzedać je ,1
 złożył ofertę finansowania Ruchu z zamiarem przejęcia 100 proc. akcji spółki,1
 Projekt podtrzymuje że miał prawo odstąpić od umowy z Polwaksem z powodu braku płatności,-1
Polwax odstąpił od umowy z  Projekt z powodu uchybień wykonawcy w trakcie realizacji inwestycji,-1
 Paliwa i PKP Cargo podpisały list intencyjny o współpracy,1
Paczkomatowa wojna firm kurierskich,-1
Światowy popyt na ropę i gaz ziemny osiągnie szczyt w okolicy 2030 roku,-1
"DM BOŚ obniżył cenę docelową u do 124,5 zł, nadal rekomenduje ""kupuj""",-1
Dybowski: Wybór partnera do inwestycji w farmy wiatrowe na Bałtyku jeszcze w tym roku,1
 Ochrona i Poczta Polska będą współpracować przy transporcie gotówki,1
Polwax zapewnia że ma finansowanie na budowę instalacji chce zakończyć spór z  Projekt,1
 Projekt odstąpił od umowy z Polwaksem z powodu rosnących zaległości jest otwarty na rozmowy,-1
Polwax domaga się od  Projekt powrotu do budowy instalacji Future,-1
 sprowadzi kolejne 130 tys. ton ropy naftowej z Angoli,1
 realizuje działania przeciw korupcji i łapownictwu,1
 sprowadzi saudyjską ropę  a dostawcy sprzeda olej opałowy z  Lietuva,1
 może sprowadzić do 800 tys. ton ropy na mocy umowy z Saudi Aramco,1
: zawarto porozumienie o wzroście płac w 2019 r.,1
Zarząd  chce wypłacić najwyższą w historii dywidendę,1
Norweski rząd chce by NBIM sprzedał akcje niezintegrowanych producentów ropy i gazu,-1
ING BSK ocenia że Elektrobudowa naruszyła warunki umowy z bankiem,-1
Marża na sprzedaży benzyny w ciągu 2 mies. '19 wzrosła o 84 proc. vs średniej z '18 - POPIHN,1
 w rankingu Worlds Most Ethical Company 2019,1
Obajtek: Fuzja u i Lotosu ma fundamentalne znaczenie dla bezpieczeństwa energetycznego kraju,-1
 chce w '19 pozyskać partnera do budowy morskich farm wiatrowych - prezes,1
 nie wyklucza wejścia na nowe rynki detaliczne możliwa zamiana stacji – prezes,1
 chce w '19 pozyskać partnera do budowy morskich farm wiatrowych - prezes,1
Obajtek:  nie wyklucza wejścia na nowe rynki detaliczne możliwa zamiana stacji,1
 nie zapłaci za Lotos więcej niż wynika z uzasadnienia biznesowego - prezes (wywiad),1
 jest gotowy kupić Ruch ale pod warunkiem pozytywnych wyników analiz,1
Obajtek:  nie zapłaci za Lotos więcej niż wynika z uzasadnienia biznesowego,1
 zakończy budowę instalacji metatezy w Płocku w połowie kwietnia,1
 porozumiał się ze związkami zawodowymi ws. wzrostu wynagrodzeń i nagród,1
 porozumiał się ze związkami zawodowymi ws. wzrostu wynagrodzeń i nagród,1
Warunkowy areszt dla b. prezesa  Jacka K. opuści go po wpłaceniu 1 mln zł,1
Sąd rozpatruje wnioski o areszt dla b. prezesa i dyrektorów ,-1
Będą wnioski o areszt dla b. prezesa  i dyrektorów,-1
"Sprzedaż asfaltu przez  wzrosła o 3 proc. do blisko 1,5 mln ton w '18",1
Obajtek: Niebawem w Możejkach ruszy instalacja produkcji propylenu,1
Zarzuty niegospodarności w wielkich rozmiarach dla b. prezesa i dyrektorów ,-1
Trzy osoby z kierownictwa  zatrzymane w tym były prezes Jacek K. - prokuratura,-1
 odwróci odpisy o wartości ok. 987 mln zł bez wpływu na EBITDA grupy,1
Anwil uruchomił nowoczesny system ważenia pojazdów,1
Marża na benzynie wzrosła o 125 proc. Winny nowy podatek?,1
"Marża na sprzedaży benzyny w I wzrosła o 124,8 proc. vs średniej z '18 – POPIHN",1
 podpisał nowy kontrakt z Rosnieftem,1
ME nie zaobserwowało ograniczenia inwestycji w spółkach w związku z podatkiem od kopalin,1
 planuje wydać w 2019 r. na inwestycje w swej grupie 5 mld zł,1
 spodziewa się w '19 mniej postojów w części rafineryjnej i petrochemicznej niż w '18,1
 nie wyklucza wchodzenia na nowe rynki w segmencie detalu,1
Wynik segmentu detalicznego  z ostatniego kwartału '18 nie do utrzymania w pierwszym kwartale '19,-1
"Skoryg. EBITDA LIFO  wzrosła w IV kw. '18 o 22 proc. do 2,34 mld zł",1
DZIEŃ NA GPW: Akcje  tracą ponad 2 proc. inwestorzy patrzą na makro,-1
Wyniki  zbieżne z oczekiwaniami pozytywnie zaskoczył segment detaliczny,1
: w I kwartale spadają marże downstream i rafineryjna,-1
 planuje CAPEX w 2019 roku na 5 mld zł,1
Vestor DM umiarkowanie pozytywnie o polskich akcjach przedstawia swoich faworytów na '19,1
 wchodzi na rynek detaliczny w Słowacji będzie tam miał stacje paliw pod marką Benzina,1
Chętni na zakup dużego pakietu akcji 8 spółek będą musieli mieć zgodę premiera lub min. energii,-1
" odwróci odpisy o wartości ok. 0,8 mld zł co wpłynie na EBITDA za IV kw. '18 (opis)",1
" odwróci odpisy o wartości ok. 0,8 mld zł co wpłynie na EBITDA za IV kw. '18 (opis)",1
 kupi ok. 240 tys. ton ropy naftowej z Nigerii dostawy w styczniu i marcu '19,1
Grupa  miała na koniec 2018 roku 2803 stacje paliw,1
 przygotowuje się do wdrożenia Pracowniczych Planów Kapitałowych,-1
 kupił po 80 tys. ton ropy WTI do rafinerii w Czechach i Litwie,1
"DM BOŚ podwyższył cenę docelową dla u do 129 zł utrzymując rekomendację ""kupuj""",1
 rozpoczyna pomiary i badania na koncesji na farmę wiatrową na Bałtyku,1
 rozpoczyna pomiary i badania na koncesji na farmę wiatrową na Bałtyku,1
Obajtek: Ceny paliw na stacjach  będą nadal spadać,-1
Unipetrol z Grupy  rozważa budowę nowego bloku energetycznego w Litvinowie,1
 spodziewa się lekkiej poprawy EBITDA LIFO w '19 i mocniejszej poprawy w '20,1
CAPEX grupy  w 2019 roku sięgnie 5 mld zł,1
 jest na wstępnym etapie analiz potencjalnej transakcji z Ruchem,1
 oczekuje pozytywnych przepływów operacyjnych w segmencie upstream od 2021 r.,1
 przewiduje odwrócenie w wynikach za IV kw. części odpisów aktualizujących wartość majątku trwałego Unipetrolu,1
 ze wzrostem sprzedaży paliw,1
 wdraża program rozwoju biopaliw,1
 wdraża program operacyjny dla biopaliw chce budować instalacje,1
 przejmie Ruch,1
Rada wierzycieli Ruchu przychylnie o planie restrukturyzacji  wesprze spółkę,1
" zdecydował o rozbudowie mocy produkcyjnych Anwilu za ok. 1,3 mld zł",1
" zdecydował o rozbudowie mocy produkcyjnych Anwilu za ok. 1,3 mld zł",1
 Deutschland modernizuje stacje paliw,1
 Aviation chce zbudować skład paliw na lotnisku w Modlinie,1
Trigon DM podwyższył rekomendację Lotosu do kupuj i cenę docelową do 100 zł a u do 102 zł,1
Fitch: Przejęcie Lotosu neutralne dla ratingu ,1
 podpisał porozumienie ze związkami dot. zmiany ZUZP i podwyżki wynagrodzeń w '19,1
Fitch: Zadłużenie 6 polskich spółek energetycznych wzrośnie do 60 mld zł w latach 2019-21,-1
 kupił ok. milion baryłek ropy naftowej z Angoli,1
MF: Złoża łupkowe w Polsce nie dają wystarczającej możliwości ich gospodarczej eksploatacji,-1
Złoża łupkowe w Polsce nie dają wystarczającej możliwości ich gospodarczej eksploatacji - MF (aktl.),-1
Przyspieszenie terminu zapłaty podatku od gazu i ropy da 160 mln zł do budżetu w '19 - MF,-1
ME: UOKiK analizuje ceny oferowane przez  bada czy zaniżane są marże,-1
"Haitong Bank rekomenduje ""kupuj"" dla Lotosu i ""neutralnie"" dla ",1
PEP 2040 zakłada dalszą dywersyfikację dostaw ropy i rozbudowę infrastruktury,1
DM mBanku podwyższył ceny docelowe  Lotosu obniżył wycenę MOL,1
 domaga się od Elektrobudowy 29 mln zł kar umownych,1
Czyżewski: Za 30 lat zabraknie surowców,-1
"Zniżki za akcje w ie. ""Zawsze jest ryzyko, ale to dobry program""",-1
W strategii  nie ma tematu energetyki atomowej priorytety rafineria i petrochemia,-1
 w portfelu. Tańsze paliwo dla inwestorów indywidualnych,-1
Będą podwyżki w ,1
 szuka dywersyfikacji źródeł dostaw ropy ale nie z Iranu,1
PCC Rokita i Exol mają ograniczone dostawy z u postój instalacji olefin do 10 dni,-1
 kupił 130 tys. ton ropy naftowej z ZEA,1
 chce wybudować co najmniej 24 nowe stacje paliw w Polsce,1
 powiększył sieć stacji o 47 obiektów,1
Fitch potwierdził rating  na poziomie 'BBB -' perspektywa stabilna,1
Rząd chce uchylić ustawę o podatku węglowodorowym i przyspieszyć termin zapłaty podatku od gazu i ropy,-1
IKS Solino i Ciech porozumiały się ws. budowy rurociągu solankowego,1
 przebił oczekiwania analityków wynikami za trzeci kwartał,1
 rozmawia o dostawach ropy z nowych kierunków że elektrociepłownia we Włocławku wznowi działalność w marcu '19,1
 podtrzymuje,1
"Wydatki inwestycyjne  w '18 wyniosą 4,5 mld zł  mniej niż wcześniej zapowiadano",1
W IV kwartale spadają marże downstream i rafineryjna - ,-1
RN  zgodziła się na zwiększenie wartości programu obligacji do 4 mld zł,1
 uruchomił pierwszą stację paliw w formacie drive-through,1
"Przerób ropy naftowej we wrześniu wzrósł o 0,9 proc. rdr – GUS",1
 może wyjść na początku roku z emisją 500 mln euro euroobligacji,1
 planuje budowę instalacji glikolu propylenowego za ponad 200 mln zł,1
: przejęcie Lotosu korzystne dla spółek i gospodarki,1
Złożenie wniosku ws. przejęcie Lotosu do końca roku,1
 Upstream odkrył kolejne złoże gazu ziemnego w Polsce,1
IKS Solino wybuduje rurociąg solankowy do zakładu Ciechu w Janikowie,1
Tauron i  podpisały list intencyjny ws. elektrociepłowni w Czechach,1
 kupił 130 tys. ton ropy naftowej z Nigerii,1
 szacuje że rynek oleju napędowego powiększył się o ok. 30 proc. w dwa lata,1
Przygasa blask Lotosu i u. Problemem ropa i marże,-1
DM BOŚ obniżył cenę docelową dla u do 110 zł,-1
Uruchamianie instalacji w zakładzie u w Płocku ma zakończyć się w tym tygodniu,1
Awaria w zakładzie  w Płocku,-1
W zakładzie u w Płocku trwa przywracanie pracy poszczególnych instalacji (aktl.),1
W zakładzie u w Płocku awaria zakłóciła pracę systemów technologicznych,-1
"Przerób ropy naftowej w sierpniu spadł o 2,4 proc. rdr – GUS",-1
Postój w należącej do u Elektrociepłowni Włocławek może potrwać do końca marca 2019,-1
: wzrosty cen energii nie wydają się chwilowe,1
 w ‘19 będzie decydować o realizacji projektu offshore,1
"Vestor DM obniżył rekomendację  do ""neutralnie"", podniósł cenę docelową do 109 zł",1
PGE VIVE Kielce wystąpi w koszulkach z zakrytymi reklamami Nord Stream 2,-1
 wybrał dostawców ładowarek aut elektrycznych,1
 awaryjnie wyłączył Elektrociepłownię Włocławek postój potrwa do początku grudnia,-1
 awaryjnie wyłączył Elektrociepłownię Włocławek postój potrwa do początku grudnia,-1
 Upstream i PGNiG wykonają kolejny odwiert w złożu gazu ziemnego Miłosław E,1
Prezes: W ie miał miejsce proces wyprowadzania majątku,-1
 stawia na rozwój petrochemii,1
BP sprzeciwia się fuzji u i Lotosu,-1
Związkowcy z  chcą premii za pracę w upale,-1
Unipetrol zamknie na miesiąc instalację krakingu parowego w Litvinovie,-1
"Przerób ropy naftowej w lipcu spadł o 2,4 proc. rdr – GUS",-1
 przygotowuje się do budowy rurociągu paliwowego,1
Poznań przejmie tereny po trzech byłych stacjach u,1
 przesłał do KE dokumentację w sprawie koncentracji z Lotosem,1
Obajtek: Dziś kończymy konflikt wokół torów z Możejek do Renge,1
 i Litewskie Koleje rozszerzają współpracę odbudowa torów do Renge do końca '19,1
 zainteresowany akwizycjami stacji paliw poza Polską,1
 Lietuva zamierza do 2022/23 uruchomić nową instalację hydrokrakingu,1
PKN i PGNiG odkryły nowe złoże gazu w Wielkopolsce możliwości produkcyjne 50 mln m sześc. rocznie,1
"Marża na sprzedaży benzyny w ciągu 7 mies. '18 spadła o 20,2 proc. vs średniej z '17 – POPIHN",-1
Elektrobudowa chce przesunięcia terminu zakończenia budowy Instalacji Metatezy u,-1
 chce zwiększyć udział sprzedaży polskich produktów na stacjach do 60 proc.,1
 zwiększy udział polskich produktów w sprzedaży na stacjach do 60%,1
 rozważa budowę w Jedliczu instalacji do produkcji bioetanolu,1
Obrót paliwami wydawanymi przez PERN w I półroczu wzrósł o 10 proc. rdr - PERN,1
"Przerób ropy naftowej w czerwcu spadł o 0,4 proc. rdr – GUS",-1
"Vestor DM obniżył cenę docelową  do 104 zł, podwyższył rekomendację do ""kupuj""",-1
 w ogóle nie pracuje obecnie nad projektem jądrowym,-1
"EBITDA LIFO  spadła w II kw. Do 2,13 mld zł",-1
 spodziewa się przejąć 100 proc. akcji Unipetrolu do końca października,1
" podtrzymuje że tegoroczny CAPEX wyniesie 4,8 mld zł",-1
 w ogóle nie pracuje obecnie nad projektem jądrowym,-1
W III kwartale rośnie marża petrochemiczna rafineryjna stabilna -  (opis),1
W III kwartale rośnie marża petrochemiczna  rafineryjna stabilna -  (opis),1
 złożył wniosek o zwołanie WZ Unipetrolu ws. przymusowego wykupu akcji,1
Akcjonariusze u nie zgodzili się na podwyżki dla zarządu,1
 Upstream rozpoczął wiercenie otworu Bystrowice-OU1K w woj. podkarpackim,1
GPW: wprowadzenie do obrotu na Catalyst obligacji serii E spółki POLSKI KONCERN NAFTOWY ORLEN SA,1
 zakończył realizację budowy bloku w Płocku,1
 przydzielił 2 mln obligacji serii E o wartości 200 mln zł,1
 rozważy emisję euroobligacji na zrefinansowanie papierów za 500 mln euro,1
 nie wyklucza pozyskania partnera do offshore wydatki najwcześniej w '23,1
WZA  przerwane do 17 lipca,-1
WZ  zdecydowało o wypłacie 3 zł dywidendy na akcję z zysku za 2017 rok,1
 ogłasza sukces programu swych obligacji detalicznych,1
 skraca przyjmowanie zapisów na obligacje serii E do 25 czerwca,1
"Przerób ropy naftowej w maju wzrósł o 24,3 proc. rdr – GUS",1
GPW: data ostatniego notowania obligacji na okaziciela serii D POLSKI KONCERN NAFTOWY ORLEN S.A planowana jest na dzień 8 czerwca 2022,1
PSE rozstrzygnęły przetarg na usługi DSR na okres 1 VII 2018-30 VI 2019,1
Czeski Bank Narodowy zgodził się na wykup wszystkich akcji Unipetrolu przez ,1
GPW: wprowadzenie do obrotu obligacji spółki PKN ORLEN S.A.,1
GPW: dopuszczenie do obrotu na Catalyst obligacji serii D spółki POLSKI KONCERN NAFTOWY ORLEN SA,1
 chce wyemitować do 2 mln obligacji serii E zapisy 18-29 czerwca,1
Zarząd  skłania się do rekomendowania wypłaty dywidendy w kolejnych latach,1
" chce na program rozwoju petrochemii do 2023 r. wydać ok. 8,3 mld zł (opis)",1
Inwestycje u w petrochemii zwiększą moce produkcyjne segmentu o ok. 30 proc.,1
" chce na program rozwoju petrochemii do 2023 r. wydać ok. 8,3 mld zł (opis)",1
 przydzielił 2 mln obligacji serii D o wartości 200 mln zł,1
Nadzór nad em i Lotosem przejął od 1 czerwca premier Morawiecki,-1
Testowa ładowarka  dla aut elektrycznych w Płocku,1
GPW: data ostatniego notowania obligacji serii C (PKN0622) wyemitowanych przez POLSKI KONCERN NAFTOWY ORLEN S.A planowana jest na dzień 26 maja 2022 r,1
GPW: . w sprawie wprowadzenia do obrotu giełdowego na Catalyst obligacji na okaziciela serii C spółki POLSKI KONCERN NAFTOWY ORLEN S.A.,1
Obajtek: Szansę na fuzję u i Lotosu oceniam na 95 procent,1
Akcjonariusze  zdecydują 26 VI o wypłacie 3 zł dywidendy na akcję,1
GPW: dopuszczenie do obrotu obligacji spółki PKN ORLEN S.A.,1
 wystąpił o zgodę na dokupienie pozostałych akcji Unipetrolu,1
 chce kupić akcje Unipetrolu należące do akcjonariuszy mniejszościowych po 380 CZK za akcję,1
Morawiecki: Połączenie u z Lotosem to większy zysk dla państwa,-1
Paliwa najdroższe od 2014 roku. 5 zł za litr przekroczone,1
 i Poczta Polska zawarły kontrakt dot. rozwoju usługi Stacja z Paczką,1
: elektromobilność to szansa na rozwój,1
 chce uruchomić do końca '19 około 50 punktów ładowania aut elektrycznych,1
" ma list intencyjny z BOŚ Bankiem; obejmie 2,5 mln jego akcji",1
 chce wyemitować do 2 mln obligacji serii D zapisy 21 maja-4 czerwca,1
Jedna trzecia przychodów u bez związku z paliwami,-1
 twierdzi że opłata emisyjna nie odbije się na klientach,-1
 zakłada że przejęcie 66 proc. Lotosu nastąpi w III kw. '19,1
 prowadzi rozmowy z Saudi Aramco o perspektywach rozwoju współpracy,1
 dementuje spekulacje medialne o przejęciu roli lidera w projekcie elektrowni atomowej,-1
Sejm nie zgodził się na odrzucenie projektu ws. opłaty emisyjnej w paliwach,-1
 koncentruje się na przejęciu Grupy Lotos i kluczowych projektach inwestycyjnych,1
Ponad 20 firm w przetargu u na koncepcję techn. projektu budowy morskich farm wiatrowych,1
Opozycja: PiS podwyższy ceny paliw. Rząd: Zapłacą nie klienci a państwowe spółki paliwowe,-1
 PGE PGNiG Tauron i Energa zainwestują w prąd z gazu?,1
Obajtek: Na połączeniu u z Lotosem zyskają akcjonariusze i kierowcy,1
Sąd oddalił pozew Polocktransneft Druzhba na 84 mln USD wobec  Lietuva,1
 będzie sprowadzał więcej ropy z Arabii Saudyjskiej,1
Saudi Aramco dostarczy dodatkowo około 100 tys. ton ropy miesięcznie do rafinerii u,1
 chce sprzedawać więcej polskich produktów,1
 chce do końca '18 podwoić liczbę sklepów convenience pod marką O!SHOP,1
 chce uruchomić 150 punktów ładowania aut elektrycznych,1
 skłania się ku przymusowemu wykupowi akcji Unipetrolu (opis2),1
 skłania się ku przymusowemu wykupowi akcji Unipetrolu (opis),1
 nie ma planów wycofania Lotosu z giełdy,1
 analizuje możliwość przymusowego wykupu akcji Unipetrol,1
Zysk u o 50 procent niższy niż rok temu,-1
 oczekuje w '18 wzrostu ceny ropy Brent i spadku marży downstream,-1
"EBITDA LIFO  spadła w I kw. O 0,4 mld zł do 1,8 93 mld zł",-1
Poznań wymieni się działkami z ,1
Przerób ropy naftowej w III wzrósł o 39 proc. rdr - GUS,1
 wyemituje trzecią serię obligacji o wartości 200 mln zł,1
 wyemituje do 2 mln obligacji serii C zapisy 7-21 maja,1
 uruchomi publiczną emisję obligacji serii C w ramach programu z '17,1
 rozpoczął badanie due diligence Grupy Lotos,1
Minister energetyki Litwy: Kwestia potencjalnej sprzedaży Możejek nie jest już brana pod uwagę,-1
Do Gdańska dotarł tankowiec z irańską ropą dla ,1
: strategiczne plany nie przewidują sprzedaży Anwilu,1
 i Grupa Lotos podtrzymują że opłata emisyjna nie obciąży kierowców,-1
Miliardy z podatków górniczych gigantów,-1
POPiHN: w ubiegłym roku ubyło 160 stacji paliw,1
Obajtek: Rozważamy uruchomienie procesu rozbudowy rafinerii w Możejkach,1
Obajtek: W ciągu kilkunastu miesięcy chcemy zakończyć proces łączenia  z Lotosem,1
 porozumiał się z wykonawcą bloku we Włocławku konsorcjum wdroży dodatkowe rozwiązania,1
Obajtek: Rynek dobrze przyjął zapowiedź konsolidacji  z Lotosem,1
 podpisał porozumienie o współpracy z litewskim rządem,1
Coraz więcej prądu z gazu. Wyścig państwowych gigantów,1
Sześć osób nie żyje po eksplozji w zakładzie Unipetrolu w Czechach,-1
Sześć osób nie żyje po eksplozji z zakładzie Unipetrolu w Kralupach,-1
 rozważa budowę morskich farm wiatrowych,1
 sprowadza 130 tys. ton ropy naftowej z Iranu,1
 proponuje obniżenie składki na PPK i rezygnację z automatycznego ponownego zapisu,1
 rozszerzył ofertę carsharingu o 10 stacji,1
": na wynagrodzenia i premie zarządu wydano 14,3 mln zł",-1
"Zysk netto  wzrósł r/r do 6,66 mld zł w 2017 r.",1
Obajtek: Nabycie aktywów Lotosu będzie dla nas wzmocnieniem,1
Zarząd  rekomenduje 3 zł dywidendy na akcję z zysku za 2017 rok,1
GPW: 21 marca 2018 r. będzie ostatnim dniem notowania obligacji serii E (PKN0418) spółki POLSKI KONCERN NAFTOWY ORLEN S.A,1
 chce zbudować Centrum Badawczo-Rozwojowe w Płocku,1
Lotos będzie funkcjonował jako odrębny podmiot w Grupie ,1
Polityczny „heroizm” u i Lotosu. Kto zapłaci nowy podatek?,-1
Prezes Lotosu: Nie ma wątpliwości że połączenie Lotosu z  jest korzystne,1
 ocenia że opłata paliwowa nie spowoduje wzrostu cen detalicznych,-1
Nie ma wątpliwości że połączenie Lotosu z  jest korzystne - prezes Lotosu (opis),1
 i PERN zawarły porozumienie o realizacji rządowej polityki dla infrastruktury logistycznej,-1
UOKiK: ewentualna zgoda na połączenie u z Lotosem będzie warunkowa,1
WEI: zakup Grupy Lotos umożliwi  dalszą ekspansję,1
W  zawarto porozumienie płacowe,1
Nagrody i podwyżki w ,-1
 ma list intencyjny na kupno akcji Lotosu,1
Władze Gdańska zapowiadają list protestacyjny do premiera ws. fuzji u i Lotosu,-1
 chce przejąć min. 53 proc. akcji Lotosu odkupi akcje m.in. od Skarbu Państwa (opis),-1
 i Skarb Państwa podpisały list intencyjny w sprawie przejęcia kontroli nad Lotosem przez ,1
 kupił 56.280.592 akcji Unipetrolu,1
"UBS podniósł rekomendację dla  do ""neutralnie""",1
 bada możliwość produkcji biokomponentów z glonów,1
 bliżej kompromisu z pracownikami ws. podwyżek wynagrodzeń,1
Morawiecki: Fuzja u z Lotosem byłaby korzystna ale decyzje należą do spółek,1
 z kontraktem na dostawy paliwa dla armii USA w Polsce,1
Rowerem na stację paliw.  ułatwi niedzielne zakupy?,1
Na stacjach paliw  wkrótce pierwsze wypożyczalnie rowerów,1
Analitycy bardziej sceptyczni. ,-1
Nextbike uruchomi dla  10 stacji Veturilo w Warszawie,1
Były szef MSW i miliony z naftowego giganta,-1
Tchórzewski:  sprawdzał możliwości zaangażowania się w atom,1
Obajtek: Zawirowania kursu akcji  przejściowe,-1
Prezes  spotkał się ze związkami - finał negocjacji płacowych do końca lutego,1
"W wezwaniu na akcje Unipetrolu zgłoszono do sprzedaży 31,05 proc. papierów spółki",-1
 analizuje projekty energetyczne w tym energetykę jądrową ale nie ma decyzji,1
 analizuje udział w budowie elektrowni jądrowej,1
 Lietuva uruchomił nowy zbiornik na terminalu w Butyndze,1
"DM BZ WBK rekomenduje ""sprzedaj"" , cena docelowa 102 zł",-1
Zysk u najwyższy w historii. Będzie rekordowa dywidenda?,1
 oczekuje w 2018 r. spadku marży downstream (aktl.),-1
Ograniczenie szarej strefy i handlu w niedzielę. Jak rząd pomaga owi,1
 zakłada że ten rok będzie mniej wymagający pod względem postojów remontowych,1
" podtrzymuje, że chce zwiększać poziom dywidendy; w IV kw. może zaktualizować strategię (opis)",1
 podtrzymuje że chce zwiększać poziom dywidendy,1
 pokazał wyniki kwartalne. Analitycy trafili z prognozami,1
 oczekuje w 2018 r. spadku marży downstream,-1
"EBITDA LIFO  spadła w IV kw. O 0,6 mld zł do 2,022 mld zł",-1
" planuje CAPEX w '18 na poziomie 4,8 mld zł (opis)",1
W I kwartale spadają marże rafineryjna i petrochemiczna - ,-1
W  ruszyły negocjacje płacowe,1
Na ie zrobisz zakupy przez internet,1
"DM BOŚ rekomenduje ""sprzedaj"" akcje",-1
" w jednostk. wynikach za IV kw. '17 odwróci odpis na  Lietuva w wys. ok. 0,8 mld zł",1
Latem auta elektryczne zatankują na ie,1
KNF zatwierdziła aneks do prospektu obligacji ,1
"Vestor DM wydał rekomendację ""redukuj"" ",-1
Państwo niedzielnym zakazem wspiera . Spółka gotowa skorzystać,1
Litwa zapłaciła 28 mln euro kary za demontaż torów z których korzystał ,1
"Marża rafineryjna  w grudniu '17 wyniosła 3,9 dol. na baryłce",1
Część instalacji POX w Unipetrolu wróciła do eksploatacji po pożarze,1
GPW: dopuszczenie do obrotu obligacji spółki PKN ORLEN S.A.,1
PGNiG i  rozpoczęły prace wiertnicze w Kotlinie w Wielkopolsce (opis),1
PGNiG i  rozpoczęły prace wiertnicze w Kotlinie w Wielkopolsce,1
PKN liczy że otrzyma pozwolenie na użytkowanie bloku energetycznego w Płocku w I kw. '18,1
Sukces u w Czechach. Wykup Unipetrolu bardzo bliski,1
"UBS podniósł rekomendację  do ""neutralnie""",1
Trigon DM zaleca sprzedaż akcji ,-1
 Upstream wykona pierwszy odwiert na terenie koncesji Bysław-Wudzyń,1
 liczy że w wezwaniu uzyska co najmniej 90 proc. akcji Unipetrolu,1
 kupuje na górce? To może być kolejna zagraniczna wtopa,-1
Przejęcie kontroli nad Unipetrolem bez wpływu na politykę dywidendową i plany akwizycyjne u,1
Zapisy na obligacje u poniżej oczekiwań,-1
 przydzielił 2 mln obligacji 876 inwestorom,1
 przydzielił 2 mln obligacji serii B o wartości 200 mln zł,1
Stacje  w Polsce i za granicą ze sprzedażą 10 mld litrów paliw,1
Anwil chce w '18 rozpocząć rozbudowę instalacji nawozowych za ponad 500 mln zł,1
obniżył wycenę Lotosu i ,-1
Polska energetyka PGNiG i  będą musiały pozyskać 33 mld zł długu do ‘20 – Fitch,-1
 w ciągu 12 miesięcy sprzeda na rzecz Gaz-Systemu Solino i Kopalnię Soli Lubień,1
 kupił 90 tys. ton ropy naftowej z Kazachstanu,1
 chce sprzedawać cukierki pod własną marką,1
Norges Bank rekomenduje usunięcie spółek paliwowych z benchmarku funduszu GPFG,-1
Unipetrol zainwestuje ok. 200 mln zł w nową kotłownię,1
 wyemituje obligacje o wartości do 1 mld zł,1
 wyemituje do 2 mln obligacji serii B zapisy od 22 XI do 6 XII,1
Czyżewski: Polskie firmy muszą iść z duchem czasu,1
Przetargowa wpadka u. Spółka może się odwołać,-1
 przyjął pierwszą dostawę ropy z USA nie wyklucza kolejnych zakupów z tego kierunku,1
 będzie sprzedawać na stacjach produkty pod własną marką,1
 powiększył sieć stacji o 47 obiektów,1
 wiosną 2018 ruszy z projektem wynajmu rowerów,1
Debiut obligacji detalicznych z nowego programu  na GPW,1
PKN liczy  że w całym '17 marża downstream będzie wyższa niż rok wcześniej,1
Polocktransneft Druzhba z roszczeniem wobec  Lietuva za ropę z rurociągu,-1
Tegoroczny CAPEX u będzie niższy niż 5 mld zł (opis),-1
Tegoroczny CAPEX u będzie niższy niż 5 mld zł,-1
GPW: 25 października 2017 r. odbędzie się ostatni dzień notowania obligacji na okaziciela serii C,1
"Zysk netto grupy  w III kw. 17 r. wyniósł 1,6 mld zł niżej od konsensusu",-1
"EBITDA LIFO segmentu downstream PKN w III kw. wzrosła o 48 proc. rdr do 2,51 mld zł",1
W IV kwartale spada marża ,-1
Wyniki u niezłe lecz niesatysfakcjonujące,1
Litwa zaskarży karę KE za demontaż torów z których korzystał ,-1
GPW: wprowadzenie na Catalyst obligacji serii A spółki POLSKI KONCERN NAFTOWY ORLEN SA,1
"Wood podwyższa cenę docelową u do 124,4 zł",1
Główny ekonomista : Przyszłość ropy naftowej nie jest zagrożona,1
podwyższa cenę docelową do 130 zł,1
GPW: dopuszczenie do obrotu obligacji serii A spółki POLSKI KONCERN NAFTOWY ORLEN SA,1
Rosną marże Lotosu i u. Ceny akcji też,1
 udostępnia wynajem aut na kolejnych stacjach paliw,1
28 mln euro kary dla Litwy za demontaż torów z których korzystał ,1
Nextbike ma umowę z  na zakup i obsługę 35 stacji rowerowych,1
 przydzielił 2 mln obligacji inwestorom indywidualnym,1
 ma w planach reaktywację marki CPN na jednej stacji w Warszawie,1
krok w tył Getinu,-1
 uruchamia emisję obligacji serii A w ramach programu emisji do 1 mld zł,1
Marża rafineryjna  w sierpniu '17 wzrosła do 8 USD na baryłce,1
 szuka producenta batonów które chce sprzedawać pod własną marką,1
Zarzuty ws. korupcji i wyrządzenie szkody ,-1
Państwowe spółki śrubują historyczne maksima,1
Spółka  Paliwa planuje rozbudowę terminalu gazu w Szczecinie,1
"Ten rok wskazuje, że rafineria w Możejkach będzie ""na dużym plusie"" - Tchórzewski",1
 Południe zmodernizuje elektrociepłownię obniżając emisję związków chemicznych,1
 wypłacił najwyższą w swej historii dywidendę,1
Rekordowe wyniki produkcyjne Anwilu z grupy ,1
"Marża rafineryjna  w lipcu '17 wzrosła do 7,7 USD na baryłce",1
 kontynuuje odwierty w poszukiwaniu ropy i gazu,1
 przybyło 51 stacji paliwowych na koniec drugiego kwartału,1
Fitch przyznał programowi obligacji  ostateczny rating na poziomie A,1
CAPEX u w II półroczu będzie wyższy niż w pierwszej połowie roku (opis),1
CAPEX u w II półroczu będzie wyższy niż w pierwszej połowie roku,1
"Zysk netto u w II kw. '17 wyniósł 1,54 mld zł wynik zbliżony do konsensusu",1
"EBITDA LIFO segmentu downstream PKN w II kw. wzrosła o 11 proc. rdr do 2,55 mld zł",1
spada petrochemiczna,-1
KNF zatwierdziła prospekt emisyjny  dot. obligacji detalicznych (aktl.),1
KNF zatwierdziła prospekt emisyjny  dot. obligacji,1
Największa inwestycja energetyczna  na ukończeniu,1
"DM PKO BP obniżył rekomendację dla  do ""sprzedaj""",-1
: wprowadzenie opłaty paliwowej nie musi oznaczać wzrostu cen paliw dla klientów stacji,-1
 przygotowuje projekt siłowni wiatrowych na stacjach paliw,1
DM BOŚ: miliardy zysku EBITDA ze spółek paliwowych,1
 chce sprzedawać napój energetyzujący własnej marki,1
"Raiffeisen Centrobank podwyższył rekomendację dla u do ""trzymaj""",1
Fitch przyznał tymczasowy rating A (pol) obligacjom detalicznym ,1
"Marża rafineryjna  w czerwcu '17 wzrosła do 7,20 USD na baryłce",1
Dywidenda  za 2016 r. wyniesie 3 zł na akcję,1
Akcjonariusze u przegłosowali wypłatę 3 zł dywidendy na akcję za '16 r.,1
 Lietuva podpisał porozumienie z litewskimi kolejami ws. taryf przewozowych,1
Litwa: problemy inwestycji  w rafinerii w Możejkach,-1
 Lietuva i litewskie koleje osiągnęły porozumienie,1
"DM BDM podniósł cenę docelową  do 103 zł, rekomenduje ""redukuj""",1
 zakończył realizację inwestycji bloku gazowo parowego we Włocławku,1
PKN może poszukać partnera do projektu budowy terminala w Kanadzie w ramach swoich udziałów,1
"Concorde obniżył rekomendację u do ""niedoważaj""",-1
"Marża rafineryjna  w maju '17 spadła do 6,40 USD na baryłce",-1
PGNiG i  odkryły złoże gazu w Wielkopolsce,1
"Haitong obniżył cenę docelową dla akcji  do 119,6 zł",-1
 złożył do KNF prospekt w związku z planowaną emisją obligacji,1
"Deutsche Bank obniża rekomendację dla u do ""trzymaj""",-1
 uruchomił w Niemczech punkt tankowania aut wodorem,1
Mocne spadki na GPW. Przeceny u i Getinu,-1
GPW: ostatni dzień notowania obligacji POLSKI KONCERN NAFTOWY ORLEN SA,1
Wartość u przekroczyła 50 mld zł,1
Marża rafineryjna  w kwietniu '17 wzrosła do 7 USD na baryłce,1
 postuluje wyłączenie stacji paliw z zakazu handlu w niedzielę,1
PKN liczy że otrzyma do 1 mld zł odszkodowania za Litvinov w drugiej połowie roku,1
 oczekuje spadku marży downstream w '17 ale jej poziom będzie wciąż wysoki,-1
"Zysk netto u w I kw. '17 wyniósł 1,92 mld zł wynik zbliżony do konsensusu",1
W II kwartale rośnie marża rafineryjna i petrochemiczna - ,1
 planuje ponowną emisję obligacji detalicznych do 1 mld zł,1
Rada nadzorcza u zgodziła się na emisję obligacji detalicznych o wartości 1 mld zł,1
 zaopatruje w paliwo lotnisko w czeskiej Pradze,1
PKN w jednostkowych wynikach za I kw. utworzy odpis aktualizujący wartość  Lietuva,-1
KNF nałożyła na  750 tys. zł kary,-1
Spółki paliwowe na giełdowej fali,1
"DM BOŚ podwyższa rekomendację dla u do ""kupuj""",1
Moody's podwyższył rating dla  do Baa2 z Baa3 z perspektywą stabilną,1
 ma umowę z Basell  Polyolefins na sprzedaż do 100 tys. ton propylenu rocznie,1
"Marża rafineryjna  w marcu '17 spadła do 5,3 USD na baryłce",-1
Kurtyka: Resort energii nie pracuje nad połączeniem Lotosu i u,-1
 wchodzi do gry o tankowanie aut na prąd,1
"Vestor DM obniżył rekomendację dla  do ""neutralnie"" i Lotosu do ""redukuj""",-1
Trigon DM zaleca sprzedaż akcji ,-1
: 300 mln zł na modernizację i zakup taboru kolejowego do 2020 r.,1
Najwyższe dywidendy na GPW [Wykres dnia],1
"Wynagrodzenie zarządu  w 2016 r. to 13,5 mln zł tak samo jak w 2015 r.",1
"Zysk netto  wzrósł do 5,26 mld zł w 2016 r.",1
" S.A. zwiększył odwrócenie odpisu dot.  Lietuva do 1,15 mld zł",1
Zarząd  rekomenduje wypłatę 3 zł dywidendy na akcję z zysku za '16,1
 ponownie wśród najbardziej etycznych firm świata,1
Akcje u po sto złotych pierwszy raz w historii,1
 wyprzedził PKO. Jest największą spółką na GPW,1
Po sesji 17 marca Kruk zastąpi Bogdankę w indeksie WIG 30,1
"Marża rafineryjna  w lutym '17 wzrosła do 5,6 USD na baryłce",1
Zarząd u nie dogadał się ze związkami ws. pensji,-1
W  rusza projekt montażu turbin wiatrowych na stacjach paliw,1
Solino z grupy u zainwestuje w segmencie kawernowym ponad 200 mln zł,1
Tłusty czwartek dla Lotosu. Padło 50 zł,1
Tchórzewski: PGG w ciągu pięciu lat może wejść na giełdę,1
Tchórzewski: Rząd nie podjął żadnych działań nad łączeniem Lotosu z em,-1
Vestor DM podniósł cenę docelową  do 96 zł i Lotosu do 48 zł,1
 emituje mniej substancji szkodliwych niż przyznane limity,1
Akcje  włączone do jednego z indeksów giełdy w Londynie,1
 i PGNiG rozszerzają współpracę w poszukiwaniu węglowodorów,1
Akcje  włączone do jednego z indeksów giełdy w Londynie,1
 i PGNiG rozszerzają współpracę w poszukiwaniu węglowodorów,1
 otworzy kopalnię soli w Kujawsko-Pomorskiem,1
POPiHN: w Polsce działa 6803 stacji paliw najwięcej od 2012 roku,1
Związki zawodowe w ie negocjują podwyżki,-1
"Marża rafineryjna  w styczniu '17 wzrosła do 5,0 USD na baryłce",1
Rekomendacja PKN ws. dywidendy w marcu celem wzrost dywidendy na akcję,1
PKN zakłada spadek marży downstream w 2017 r. ale liczy że pozostanie ona atrakcyjna,-1
" miał w IV kw. '16 1,789 mld zł zysku netto lepiej od konsensusu",1
W I kwartale spada marża rafineryjna i petrochemiczna - ,-1
"Renaissance Capital wydał rekomedację ""poniżej rynku"" dla u",-1
PKN kupi licencję i projekt bazowy w ramach budowy instalacji visbreakingu,1
"PERN kupił od sierpnia 2016 r. 4,9 proc. akcji  za ok. 1,5 mld zł – ME",-1
"PERN kupił od sierpnia 2016 r. 4,9 proc. akcji  za ok. 1,5 mld zł – ME",-1
"DM BOŚ obniża rekomendację dla u do ""trzymaj""",-1
"PKN ma umowy na dostawę benzyn i oleju napędowego o wartości 9,3 mld zł ma też kontrakt z LOT",1
"PKN ma umowy na dostawę paliw o łącznej wartości ok. 9,3 mld zł",1
"Marża rafineryjna  w grudniu spadła do 4,9 USD na baryłce",-1
Wynik Unipetrolu za IV kw. wyższy o 70 mln USD z tyt. odszkodowania,1
"DM mBanku obniżył rekomendację dla u do ""sprzedaj""",-1
 kupił milion baryłek ropy z Iranu,1
 podpisał aneks do umowy z Tatneft na dostawy ropy do rafinerii w Litvinovie,1
 szuka innowacji m.in. w obszarach wydobycia  produkcji i energetyki,1
"Marża rafineryjna  w listopadzie 6,2 USD na baryłce bez zmian mdm",1
 uruchomił internetową platformę dla startupów i innowatorów,1
"Marża rafineryjna  wzrosła w październiku do 6,2 USD na baryłce",1
"Berenberg rekomenduje ""sprzedaj"" ",-1
 przedłużył umowę na dostawy ropy z Saudi Aramco do końca przyszłego roku,1
 i PGNiG uruchomiły eksploatację złoża gazu Karmin,1
DM BDM podniósł cenę docelową  do 78 zł za akcję,1
 i PGNiG uruchomiły eksploatację złoża gazu w województwie wielkopolskim,1
Litwa: brak kompromisu między  Lietuva a litewskimi kolejami,-1
 analizuje możliwości wejścia w segment samochodów elektrycznych,1
Unipetrol wznawia produkcję w Chempark Zaluzi po pożarze krakingu parowego,1
"Zysk netto u w III kw. '16 r. wyniósł 1,53 mld zł lepiej od konsensusu",1
spada petrochemiczna - ,-1
Zysk netto  wzrósł r/r do 1 527 mln zł w III kw. 2016 r.,1
Unipetrol wznawia produkcję w Chempark Zaluzi po pożarze krakingu parowego,1
"UBS podnosi cenę docelową dla u do 67 zł, podtrzymuje ""neutralnie""",1
Prezes Grupy Lotos: Myślimy o wypłacaniu dywidendy i o współpracy z ,1
PGNiG i  wspólnie szukają gazu w Wielkopolsce,1
 i PGNiG rozpoczęły wiercenie otworu poszukiwawczego w Wielkopolsce,1
"DM BOŚ obniża cenę docelową u do 85,2 zł",-1
Należąca do Unipetrolu rafineria w Kralupach wznawia produkcję po awarii,1
 Upstream poszukuje ropy i gazu w Małopolsce,1
"Marża rafineryjna  wzrosła we wrześniu do 4,8 USD na baryłce",1
PGNiG będzie dostarczać owi przez pięć lat gaz ziemny za ponad 7 mld zł,1
 i Lotos przejmą Żabkę?,1
Kontrolerzy CBA w spółkach Skarbu Państwa,-1
Wysokie stężenie poziomu benzenu w Płocku. Winny ?,-1
"JP Morgan obniża rekomendację dla u do ""niedoważaj""",-1
Wysokie stężenie benzenu w Płocku - według służb źródłem ,-1
CBA w pięciu spółkach SP. Kontrola wydatków na PR i reklamę,-1
Specjalna komisja zbada przyczyny pożaru instalacji Olefin w ,-1
 chce dywersyfikować dostaw ropy ale obecnie ropa rosyjska jest najtańsza – prezes,1
"Marża rafineryjna  wzrosła w sierpniu do 4,2 USD na baryłce",1
Trans Polonia rezygnuje z przejęcia Petrotrans,-1
Fitch podniósł rating Enei Energi PGE u i Tauronu z powodu zmian metodologii,1
"Marża rafineryjna  spadła w lipcu do 3,9 USD na baryłce",-1
 będzie dostarczał paliwo dla GOPR,1
DM Vestor obniża cenę docelową PKN do 72 zł,-1
 spodziewa się wzrostu cen ropy naftowej w ciągu pięciu lat,-1
Nowa instalacja zwiększy produkcję propylenu w ,1
 zrealizuje inwestycję w Płocku za ok. 400 mln zł,1
 chce pozostać spółką dywidendową,1
 testuje ropę z Iranu i nie wyklucza jej dostaw,1
"Zysk netto  w II kw. Wyniósł 1,608 mln zł nieco poniżej konsensusu",-1
W trzecim kwartale spada marża rafineryjna i petrochemiczna - PKN,-1
"Zysk netto  wzrósł do 1,608 mld zł",1
Unipetrol może rozpocząć prace na pełnych mocach od IV kw. - Jędczejczyk,1
Jędrzejczyk: Unipetrol może rozpocząć prace na pełnych mocach od IV kw.,1
 przesuwa termin oddania do eksploatacji elektrowni we Włocławku na I kw. '17,-1
Obligacje u o wartości nom. 750 mln euro zadebiutują w środę na Catalyst,1
PKN mocno spada? KGHM nie rośnie? Spokojnie to tylko dywidenda,1
PGNiG i  Upstream rozszerzają współpracę dot. poszukiwania i wydobywania węglowodorów,1
 połączył spółki  Upstream i  Upstream International,1
DM BOŚ podwyższa cenę docelową akcji u do 95 zł,1
Marża rafineryjna w czerwcu wzrosła do 6 USD na baryłce - ,1
 przesuwa termin oddania do eksploatacji elektrowni we Włocławku,-1
Unipetrol wybuduje nowoczesny terminal dla nowej instalacji polietylenu,1
PKN podpisał aneks do umowy z Rosneftem na dostawę ropy i zawarł umowę z Tatneftem,1
 i Rosneft zawarły aneks na dostawy ropy do Unipetrolu do 2019 r.,1
 zapowiada aktywne wyszukiwanie startupów,1
Unipetrol przejmuje od Anwilu za 1 mln euro chemiczną spółkę Spolana,1
PKO BP zaoferuje konta dla klientów stacji ,1
W  jeszcze w tym roku stacja badawcza glonów jako biokomponentów,1
Unipetrol w ramach odszkodowania w zw. z awarią w Litvinowie otrzyma min. 164 mln USD,1
Nowa instalacja polietylenu dla Unipetrolu z grupy ,1
Pozytywne ratingi dla euroobligacji  i samej spółki,1
Unipetrol startuje z budową nowej instalacji polietylenu w Litvinowie,1
PKN będzie optymalizować wydatki na wydobycie,1
 wypłaci 2 zł dywidendy na akcję za '15 (opis),1
Dywidenda  za 2015 r. wyniesie 2 zł na akcję,1
"Marża rafineryjna w maju spadła do 5,8 USD na baryłce - ",-1
ME: współpraca z Iranem m.in. w energetyce i technologiach medycznych,1
Awaria kolejnej polskiej rafinerii w Czechach,-1
 i euroobligacje z pozytywnymi ratingami - emisja w II kw. 2016,1
Moody`s przyznał rating Baa3 planowanej emisji euroobligacji ,-1
W związku z awarią czeska rafineria w Kralupach wstrzymuje produkcję,-1
NationaleNederlanden OFE chce zwiększyć wysokość dywidendy ,1
Nationale-Nederlanden OFE chce  by  wypłacił 15 mld zł dywidendy,1
"DM BDM podniósł rekomendację u do ""akumuluj""",1
Będzie połączenie  Upstream i  Upstream International,1
 ma umowę z Saudi Aramco na dostawy 200 tys. ton ropy: mc,1
 podpisał umowę z Saudi Aramco,1
Marża rafineryjna w kwietniu wzrosła do 62 USD na baryłce - ,1
 rozważa pilotażowy projekt turbin wiatrowych,1
Brak porozumienia pomiędzy  Lietuva a litewskimi kolejami,-1
Litwa: brak porozumienia pomiędzy  Lietuva a litewskimi kolejami,-1
Pierwszy Supercharger na stacji  już działa,1
Rosną zyski  Lietuva,1
 otrzymał dotąd ponad 300 mln zł od ubezpieczyciela z tytułu awarii w Czechach,1
Wyniki  w pierwszym kwartale. Zysk netto niższy od oczekiwań,-1
spada petrochemiczna - PKN,-1
"DM BDM obniża rekomendację  do ""trzymaj""",-1
"DM BZ WBK podniósł rekomendację  do ""kupuj"" z ""trzymaj""",1
Senat bez poprawek do przepisów ws. koncesji węglowodorowych,-1
Marża rafineryjna w marcu wzrosła do 49 USD na baryłce - ,1
 chce wypłacić 2 zł dywidendy na akcję za '15,1
Litwa jest zainteresowana obecnością ,1
 chce wypłacić 2 zł dywidendy na akcję za '15,1
 chce wypłacić 2 zł dywidendy na akcję za '15,1
 planuje budowę 6 nowych zbiorników na ropę,1
Gigantyczna turbina w drodze do budowanej w  elektrociepłowni,1
Litwa jest zainteresowana obecnością ,1
Litwa jest zainteresowana obecnością ,1
 ponownie wśród najbardziej etycznych podmiotów na świecie,1
